SampleID,q_baseline,q_perturbed,delta_q,tau2_baseline,tau2_perturbed,tau2_shift_pct,mean_age_baseline,mean_age_perturbed,mean_age_shift_pct,chi2,seconds
EDTRPAS1-41,0.65,0.55,-0.09999999999999998,200.0,200.0,0.0,54.19751606999999,52.93881187115767,-2.3224389051642453,0.18590223789215088,24.4
EDTRPAS1-41,0.65,0.75,0.09999999999999998,200.0,200.0,0.0,54.19751606999999,55.93608274495364,3.2078346039109276,0.1891470104455948,23.4
EDTRPAS1-35,0.65,0.55,-0.09999999999999998,1000.0,1000.0,0.0,137.71910638,122.72335910206266,-10.888646951106756,0.18528693914413452,24.0
EDTRPAS1-35,0.65,0.75,0.09999999999999998,1000.0,1000.0,0.0,137.71910638,158.8692421565038,15.357444825517165,0.20622579753398895,23.9
EDTRPAS1-29,0.65,0.55,-0.09999999999999998,11500.0,11500.0,0.0,9935.986822,9043.495556769441,-8.982411925652201,0.9104776382446289,23.9
EDTRPAS1-29,0.65,0.75,0.09999999999999998,11500.0,11500.0,0.0,9935.986822,10520.416209463003,5.881946080775529,0.998630702495575,23.8
EDTRPAS1-46,0.4,0.5,0.09999999999999998,23500.0,23500.0,0.0,18307.237104399996,18791.586696195314,2.6456727961365027,0.05978347361087799,20.2
EDTRPAS1-30,0.65,0.55,-0.09999999999999998,3000.0,3000.0,0.0,798.7634122800001,741.3706987181313,-7.185195601041161,0.32189860939979553,24.1
EDTRPAS1-30,0.65,0.75,0.09999999999999998,3000.0,3000.0,0.0,798.7634122800001,873.8988780103108,9.40647312773667,0.3802759051322937,24.2
EDTRPAS1-34,0.65,0.55,-0.09999999999999998,3000.0,3000.0,0.0,1024.26644054,993.3159294072289,-3.021724612636328,0.0417947843670845,24.0
EDTRPAS1-34,0.65,0.75,0.09999999999999998,3000.0,3000.0,0.0,1024.26644054,1066.6328326138319,4.1362667365627965,0.0060484022833406925,24.0
EDTRPAS1-43,0.65,0.55,-0.09999999999999998,1000.0,1000.0,0.0,258.50383777,247.89739407199113,-4.103012082724209,0.11060400307178497,24.1
EDTRPAS1-43,0.65,0.75,0.09999999999999998,1000.0,1000.0,0.0,258.50383777,272.5028182510837,5.415385938501636,0.14718136191368103,23.9
EDTRPAS1-04/EDTRETN1-01,0.65,0.55,-0.09999999999999998,5000.0,5000.0,0.0,1947.0215,1870.8730819821358,-3.9110209115751564,1.064850091934204,19.9
EDTRPAS1-04/EDTRETN1-01,0.65,0.75,0.09999999999999998,5000.0,5000.0,0.0,1947.0215,2049.512529671192,5.263990647827573,1.0040390491485596,19.9
EDTRPAS1-05/EDTRETN1-03,0.6,0.5,-0.09999999999999998,14500.0,14500.0,0.0,5057.15865625,4663.816905481894,-7.777919925094422,0.0649375170469284,20.9
EDTRPAS1-05/EDTRETN1-03,0.6,0.7,0.09999999999999998,14500.0,14500.0,0.0,5057.15865625,5585.254436000703,10.442539292257418,1.2498685464379378e-05,21.6
EDTRPAS1-44,0.65,0.55,-0.09999999999999998,200.0,200.0,0.0,88.27992812,86.93643146922454,-1.5218597017310866,0.033677466213703156,24.1
EDTRPAS1-44,0.65,0.75,0.09999999999999998,200.0,200.0,0.0,88.27992812,90.1866159307474,2.1598203027030283,0.019968226552009583,24.4
SCTXSUS1-13/EDTRVFPS1-08,0.65,0.55,-0.09999999999999998,8464.3408,1518.97607421875,-82.05440789649266,3084.4862718399995,566.9589164732606,-81.61901637723774,0.24735209345817566,24.6
SCTXSUS1-13/EDTRVFPS1-08,0.65,0.75,0.09999999999999998,8464.3408,9281.84765625,9.658245994183034,3084.4862718399995,3597.8680534248706,16.64399632028907,0.26454970240592957,25.2
SCTXSUS1-14/EDTRVFPS1-07,0.65,0.55,-0.09999999999999998,285.1258,284.94012451171875,-0.06512054969465286,166.70994566000002,166.50405438342386,-0.1235026955116778,0.210823655128479,24.2
SCTXSUS1-14/EDTRVFPS1-07,0.65,0.75,0.09999999999999998,285.1258,1753.55908203125,515.0124197919829,166.70994566000002,1007.8128743060079,504.5307436914485,0.1772666573524475,24.6
SCTXSUS1-10/EDTRVFPS1-15,0.65,0.55,-0.09999999999999998,80.2475,80.235107421875,-0.015442946041935603,61.96981475,61.93078535194218,-0.06298130503580485,0.06299953162670135,24.4
SCTXSUS1-10/EDTRVFPS1-15,0.65,0.75,0.09999999999999998,80.2475,80.264404296875,0.02106520062930026,61.96981475,62.027578587818425,0.09321286186098779,0.06999768316745758,24.7
SCTXSUS1-09/EDTRVFPS1-14,0.75,0.65,-0.09999999999999998,285.219,284.8843994140625,-0.11731356814850838,143.8940435,143.56786563948117,-0.22667919573671558,0.06708119809627533,24.2
SCTXSUS1-09/EDTRVFPS1-14,0.75,0.85,0.09999999999999998,285.219,2193.250732421875,668.9707671725499,143.8940435,1072.6069970533717,645.4144528598029,0.046101510524749756,24.9
SCTXSUS1-04/EDTRVFPS1-20,0.65,0.55,-0.09999999999999998,13049.916,9266.630859375,-28.990877340704717,10105.2634008,7177.604482979048,-28.97162401119776,0.06217546388506889,20.8
SCTXSUS1-04/EDTRVFPS1-20,0.65,0.75,0.09999999999999998,13049.916,17242.439453125,32.126823292387485,10105.2634008,13349.162368568243,32.101082763576784,0.0621754489839077,20.6
EDTRVFPS1-11,0.65,0.55,-0.09999999999999998,775.1237,284.86578369140625,-63.24899062028341,458.26790368999997,171.9094252511095,-62.48713386495438,0.10380853712558746,20.5
EDTRVFPS1-11,0.65,0.75,0.09999999999999998,775.1237,3262.26513671875,320.87026067178056,458.26790368999997,1909.9367589650647,316.77297135281395,0.08998116105794907,20.6
EDTRVFPS1-12,0.65,0.55,-0.09999999999999998,1286.7372,285.02166748046875,-77.84927120468198,838.47476908,188.4090634428685,-77.5295488438374,0.6254386305809021,23.9
EDTRVFPS1-12,0.65,0.75,0.09999999999999998,1286.7372,3636.876953125,182.6433364268166,838.47476908,2363.6257351058885,181.89586881658113,0.6197634339332581,24.4
EDTRVFPS1-18,0.65,0.55,-0.09999999999999998,399.1049,284.92266845703125,-28.60957897108473,227.11419293000003,163.44812911280496,-28.03262226628782,0.5733729600906372,24.6
EDTRVFPS1-18,0.65,0.75,0.09999999999999998,399.1049,2736.911865234375,585.7625314132638,227.11419293000003,1526.3216461266056,572.0503137366852,0.5517846345901489,24.8
