SampleID,omitted_tracer,Aq_class,LPM,n_active_full,tau1_full,tau1_reduced,delta_tau1_rel,w_full_cond,w_reduced_cond,information_ratio_cond,censored_cond,w_full_true,w_reduced_true,information_ratio_true,censored_true
EDTRPAS1-50,3H,confined,DM,3,16.539461135864258,17.930025100708008,0.0840755302377078,2.141099351318555,13.9901226818328,6.5340838449263225,True,2.735476620891131,2.9,1.06014431922115,True
EDTRPAS1-50,SF6,confined,DM,3,16.539461135864258,23.97884559631348,0.4497960604240979,2.141099351318555,1.7937878649216163,0.8377882436034303,True,2.735476620891131,2.91533657393884,1.0657508646479004,True
EDTRPAS1-50,14C,confined,DM,3,16.539461135864258,16.494461059570312,0.0027207704002137,2.141099351318555,2.1782259124331165,1.0173399525303193,True,2.735476620891131,2.736633220757358,1.0004228147509628,True
EDTRPAS1-31,3H,confined,DM,3,31.19751739501953,31.53741455078125,0.0108950065307434,0.6320505189243697,1.5026370016857964,2.377400155042986,True,2.269514248915948,2.2778433738974857,1.003670003387516,True
EDTRPAS1-31,SF6,confined,DM,3,31.19751739501953,30.534421920776367,0.0212547513267521,0.6320505189243697,1.3109490286558876,2.074120642898727,False,2.269514248915948,2.909433061513119,1.281962897083741,True
EDTRPAS1-31,14C,confined,DM,3,31.19751739501953,31.20252990722656,0.000160670227171,0.6320505189243697,0.6343140507582582,1.00358125144449,False,2.269514248915948,2.2700528304791074,1.0002373113821237,True
EDTRPAS1-37,3H,confined,DM,3,22.66618156433105,21.790849685668945,0.0386184093768836,1.2053407858125862,3.735759418597441,3.099338761758536,True,2.580365561577491,2.6917184492805974,1.043153919491559,True
EDTRPAS1-37,SF6,confined,DM,3,22.66618156433105,26.809978485107425,0.1828184826374685,1.2053407858125862,1.248364915046841,1.0356945767874683,False,2.580365561577491,2.730821606540121,1.0583080348005611,True
EDTRPAS1-37,14C,confined,DM,3,22.66618156433105,22.66715240478516,4.2832113179104624e-05,1.2053407858125862,1.2089022523723545,1.0029547382795707,False,2.580365561577491,2.5812398036243396,1.000338805500998,True
EDTRPAS1-45,3H,unconfined,DM,3,20.911592483520508,48.688514709472656,1.328302578956715,2.172844789503144,2.850000000023283,1.311644537976862,True,2.739906951528974,2.9117595126619555,1.0627220428186737,True
EDTRPAS1-45,SF6,unconfined,DM,3,20.911592483520508,12.779458999633787,0.3888815971473855,2.172844789503144,3.1808088276768123,1.4638914123286992,True,2.739906951528974,2.9,1.0584301041251376,True
EDTRPAS1-45,14C,unconfined,DM,3,20.911592483520508,21.143280029296875,0.0110793831679222,2.172844789503144,2.233190746419129,1.0277727876411202,True,2.739906951528974,2.7415175282163546,1.000587821672733,True
SCTXLUSRC1-08,3H,unconfined,DM,3,15.00502109527588,16.862958908081055,0.1238210730266898,2.7147897168528288,2.9,1.0682226995326474,True,2.8740795395569876,2.9,1.009018699756308,True
SCTXLUSRC1-08,SF6,unconfined,DM,3,15.00502109527588,22.448631286621094,0.4960746235597583,2.7147897168528288,1.8943604461150232,0.6977926998747793,True,2.8740795395569876,2.9000000000000004,1.0090186997563082,True
SCTXLUSRC1-08,14C,unconfined,DM,3,15.00502109527588,14.953414916992188,0.0034392606285597,2.7147897168528288,2.710008984850722,0.9982390046741269,True,2.8740795395569876,2.879198521119542,1.0017810855587328,True
SCTXLUSRC1-25,3H,unconfined,DM,4,3.0089402198791504,2.634023666381836,0.1246008647896542,1.5586288004647937,1.6991558392517006,1.0901606840223923,True,1.5994171445723622,1.717089389682162,1.0735719543266882,True
SCTXLUSRC1-25,3He(trit),unconfined,DM,4,3.0089402198791504,21.102968215942383,6.013422226377749,1.5586288004647937,1.3800904064439243,0.885451626476023,False,1.5994171445723622,2.5797411983599887,1.612925813077824,True
SCTXLUSRC1-25,SF6,unconfined,DM,4,3.0089402198791504,2.616420269012451,0.1304512293974601,1.5586288004647937,1.7406873589855707,1.1168068743927264,True,1.5994171445723622,1.850371084130285,1.1569033697116087,True
SCTXLUSRC1-25,14C,unconfined,DM,4,3.0089402198791504,3.00582242012024,0.0010361786978394,1.5586288004647937,1.5597049550153317,1.0006904495478444,True,1.5994171445723622,1.6016303071752174,1.001383730698627,True
EDTRPAS1-36,3H,confined,DM,4,29.56825256347656,29.48265266418457,0.0028949935106319,0.4463776296470313,0.4390725355595357,0.9836347218088144,False,0.491092632804066,0.5182487987447535,1.0552974411072507,False
EDTRPAS1-36,3He(trit),confined,DM,4,29.56825256347656,28.93512916564941,0.0214122696790407,0.4463776296470313,0.732191145187245,1.640295338649067,False,0.491092632804066,2.3031958543462685,4.6899417757406825,True
EDTRPAS1-36,SF6,confined,DM,4,29.56825256347656,29.86038398742676,0.0098799015370642,0.4463776296470313,0.8545038526877768,1.9143070708168493,False,0.491092632804066,0.8944810146000238,1.8214099639260928,False
EDTRPAS1-36,14C,confined,DM,4,29.56825256347656,29.687042236328125,0.0040174735587281,0.4463776296470313,0.4444262478500606,0.9956284059339762,False,0.491092632804066,0.4887437550351025,0.995217037251095,False
EDTRPAS1-33,3H,confined,DM,4,31.291465759277344,31.31863212585449,0.0008681717496437,0.4721637060865757,0.4610153920017182,0.9763888796594344,False,0.4400975207332522,0.45919362404383696,1.043390617785732,False
EDTRPAS1-33,3He(trit),confined,DM,4,31.291465759277344,30.84922981262207,0.0141327974233408,0.4721637060865757,0.648946675192565,1.3744103302035129,False,0.4400975207332522,2.267842115298845,5.153044515043765,True
EDTRPAS1-33,SF6,confined,DM,4,31.291465759277344,32.26049041748047,0.0309676978911039,0.4721637060865757,0.9238745335955172,1.956682654100728,False,0.4400975207332522,1.338080520462244,3.040418219654704,False
EDTRPAS1-33,14C,confined,DM,4,31.291465759277344,31.266525268554688,0.0007970381098322,0.4721637060865757,0.473039659671485,1.0018551904214943,False,0.4400975207332522,0.4411850630305706,1.0024711393409043,False
SCTXLUSRC1-01/EDTRETN1-02,3H,unconfined,DM,4,10.279025077819824,6.092684745788574,0.4072701740036196,1.0802547359373416,2.018610556237401,1.868643097857696,True,1.1999615791719402,2.034766797302292,1.6956932893688375,True
SCTXLUSRC1-01/EDTRETN1-02,3He(trit),unconfined,DM,4,10.279025077819824,15.471463203430176,0.5051488916798775,1.0802547359373416,2.491567314462736,2.306462755102659,True,1.1999615791719402,2.8462056120159107,2.3719139524283746,True
SCTXLUSRC1-01/EDTRETN1-02,SF6,unconfined,DM,4,10.279025077819824,5.493048667907715,0.4656060641625764,1.0802547359373416,2.165316276578231,2.004449695561276,True,1.1999615791719402,2.258153393957762,1.8818547469795244,True
SCTXLUSRC1-01/EDTRETN1-02,14C,unconfined,DM,4,10.279025077819824,10.277751922607422,0.0001238595297475,1.0802547359373416,1.079739461932331,0.999523006946539,False,1.1999615791719402,1.2008120774757112,1.0007087712794587,False
EDTRPAS1-42,3H,confined,DM,4,30.69511985778809,30.550235748291016,0.0047201024191573,0.427449280582368,0.4423788243439053,1.0349270531961057,False,0.486825644318014,0.5302524698432537,1.0892040631632618,False
EDTRPAS1-42,3He(trit),confined,DM,4,30.69511985778809,29.490291595458984,0.0392514597731211,0.427449280582368,0.6095856030471628,1.4261004304806586,False,0.486825644318014,2.282799216336571,4.689151532956952,True
EDTRPAS1-42,SF6,confined,DM,4,30.69511985778809,32.28662109375,0.0518486731224837,0.427449280582368,0.7749658898450436,1.813000805122914,False,0.486825644318014,1.1689183149952433,2.4011025890650473,False
EDTRPAS1-42,14C,confined,DM,4,30.69511985778809,30.6851749420166,0.0003239901266898,0.427449280582368,0.428026312915608,1.0013499433955155,False,0.486825644318014,0.4878969675861296,1.0022006303090636,False
SCTXLUSRC1-24,3H,unconfined,DM,4,26.697338104248047,26.898361206054688,0.0075297058089343,0.5817118967417619,0.5816545775160199,0.9999014645805544,False,4.521496944315741,2.417642174218782,0.5346995041671215,True
SCTXLUSRC1-24,3He(trit),unconfined,DM,4,26.697338104248047,88.2238540649414,2.3045936535112217,0.5817118967417619,2.0169605869941507,3.4672844036564987,True,4.521496944315741,2.1177272214230243,0.468368606128409,True
SCTXLUSRC1-24,SF6,unconfined,DM,4,26.697338104248047,22.12164688110352,0.1713912902206701,0.5817118967417619,1.0848404318559908,1.8649101693335,False,4.521496944315741,2.8249708691844715,0.624786636809723,True
SCTXLUSRC1-24,14C,unconfined,DM,4,26.697338104248047,26.87692070007324,0.006726610537873,0.5817118967417619,0.5787246720865364,0.9948647695328954,False,4.521496944315741,4.448689512722201,0.9838974940179775,True
SCTXLUSRC1-09,3H,unconfined,DM,4,5.244500160217285,5.411914348602295,0.0319218578073365,1.5828920343425117,1.5933214207179849,1.006588817271928,True,1.8724042004439965,1.8266151142772293,0.9755452983090354,True
SCTXLUSRC1-09,3He(trit),unconfined,DM,4,5.244500160217285,23.728790283203125,3.524509401906476,1.5828920343425117,7.456654277234338,4.710778824742535,True,1.8724042004439965,2.9,1.548810881385725,True
SCTXLUSRC1-09,SF6,unconfined,DM,4,5.244500160217285,2.8304829597473145,0.4602949998517981,1.5828920343425117,1.3682026289603708,0.8643688888918335,True,1.8724042004439965,3.0234914258788366,1.6147642828198563,True
SCTXLUSRC1-09,14C,unconfined,DM,4,5.244500160217285,5.234324455261231,0.0019402621117725,1.5828920343425117,1.5868698264472174,1.0025129901587748,True,1.8724042004439965,1.8764781752601245,1.002175798801969,True
SCTXLUSRC1-10,3H,unconfined,DM,4,10.514081954956056,10.504931449890137,0.0008703094673524,1.0217123481910668,1.0764837766997504,1.0536074841472318,False,1.058441190002485,1.1172851624898605,1.0555949381441188,False
SCTXLUSRC1-10,3He(trit),unconfined,DM,4,10.514081954956056,26.72929573059082,1.5422377193846537,1.0217123481910668,1.104024379700421,1.0805628234356637,False,1.058441190002485,2.526957850786857,2.387433401737629,True
SCTXLUSRC1-10,SF6,unconfined,DM,4,10.514081954956056,6.259432792663574,0.4046619743426057,1.0217123481910668,1.613179541146383,1.578897958904484,True,1.058441190002485,1.9078329133801175,1.8024930732104618,True
SCTXLUSRC1-10,14C,unconfined,DM,4,10.514081954956056,10.513392448425291,6.55793376650164e-05,1.0217123481910668,1.021307643456385,0.999603895621504,False,1.058441190002485,1.0592006406281154,1.0007175180187655,False
EDTRPAS1-32,3H,confined,DM,4,32.06096649169922,32.190208435058594,0.0040311306083937,0.3780646646860986,0.3423755135852844,0.905600405342175,False,0.4146202551200985,0.4441658559255301,1.0712594245953408,False
EDTRPAS1-32,3He(trit),confined,DM,4,32.06096649169922,31.16259956359864,0.0280205816107626,0.3780646646860986,0.4938799108378596,1.3063371348071386,False,0.4146202551200985,0.5342079780530186,1.2884271124146611,False
EDTRPAS1-32,SF6,confined,DM,4,32.06096649169922,32.61874008178711,0.0173972793437871,0.3780646646860986,0.7820157442707559,2.0684708657447577,False,0.4146202551200985,2.6497185148531566,6.390711698553274,True
EDTRPAS1-32,14C,confined,DM,4,32.06096649169922,32.10453796386719,0.0013590192977884,0.3780646646860986,0.3780551762785755,0.9999749026862086,False,0.4146202551200985,0.41503888661973093,1.0010096745020602,False
EDTRPAS1-28,3H,confined,DM,4,30.569580078125,30.69510269165039,0.0041061281576194,0.402896526781842,0.4060996363870796,1.007950204065601,False,0.36553029264323345,0.3734126556664705,1.021564185463913,False
EDTRPAS1-28,3He(trit),confined,DM,4,30.569580078125,31.46331787109375,0.0292361815466445,0.402896526781842,0.5026961343362928,1.247705306252217,False,0.36553029264323345,2.2410732342163104,6.1310191776736085,True
EDTRPAS1-28,SF6,confined,DM,4,30.569580078125,29.18577766418457,0.0452673020173624,0.402896526781842,0.8614932844880971,2.138249469086571,False,0.36553029264323345,0.898402081755921,2.4578047287390854,False
EDTRPAS1-28,14C,confined,DM,4,30.569580078125,30.63809394836425,0.0022412434212102,0.402896526781842,0.4017279418651012,0.9970995408521512,False,0.36553029264323345,0.3644566441886128,0.9970627647660695,False
EDTRPAS1-49,3H,unconfined,DM,4,21.541561126708984,14.798815727233888,0.3130109911632584,0.7272790500428524,1.0676429013721638,1.4679962269080302,False,1.1579644584096962,2.0733116454910476,1.7904795181178998,True
EDTRPAS1-49,3He(trit),unconfined,DM,4,21.541561126708984,16.85215187072754,0.2176912447708877,0.7272790500428524,1.79935348001309,2.4740895257564057,True,1.1579644584096962,2.5434244856005535,2.1964616160098687,True
EDTRPAS1-49,SF6,unconfined,DM,4,21.541561126708984,28.454343795776367,0.3209044427377341,0.7272790500428524,0.920945041114465,1.2662884226628024,False,1.1579644584096962,0.8822492733597757,0.7618966773569397,False
EDTRPAS1-49,14C,unconfined,DM,4,21.541561126708984,21.457950592041016,0.0038813591167402,0.7272790500428524,0.7285243676044049,1.0017122967607537,False,1.1579644584096962,1.1638987396378078,1.0051247524783804,False
SCTXLUSRC1-16,3H,unconfined,DM,4,22.870927810668945,22.83322525024414,0.0016484928262165,0.8007995152845985,0.869743190053851,1.086093552073081,False,0.9002901395782827,0.9808799854945399,1.089515415501504,False
SCTXLUSRC1-16,3He(trit),unconfined,DM,4,22.870927810668945,23.015438079833984,0.0063185136327362,0.8007995152845985,1.2938394515775145,1.6156846087971133,False,0.9002901395782827,2.5732633969048044,2.858260113911924,True
SCTXLUSRC1-16,SF6,unconfined,DM,4,22.870927810668945,22.59032249450684,0.0122690831996422,0.8007995152845985,1.0565284808166324,1.3193420583442157,False,0.9002901395782827,1.2061113334260882,1.3396918175634573,False
SCTXLUSRC1-16,14C,unconfined,DM,4,22.870927810668945,22.914501190185547,0.0019051863517436,0.8007995152845985,0.7973233444150543,0.9956591246583,False,0.9002901395782827,0.8998121368698783,0.9994690570435122,False
SCTXLUSRC1-11,3H,unconfined,DM,4,17.464717864990234,17.456092834472656,0.0004938545577577,0.2729163258802146,0.3752913017757239,1.3751148838946432,False,0.3451345223933457,0.36446858178824165,1.0560189089773557,False
SCTXLUSRC1-11,3He(trit),unconfined,DM,4,17.464717864990234,30.687843322753903,0.7571336428096982,0.2729163258802146,0.6223491336219007,2.2803660851533496,False,0.3451345223933457,2.280433050147258,6.607374522645624,True
SCTXLUSRC1-11,SF6,unconfined,DM,4,17.464717864990234,10.370784759521484,0.4061865276214536,0.2729163258802146,1.2996722441166646,4.762163787471997,False,0.3451345223933457,1.3806362186092886,4.000284321125645,False
SCTXLUSRC1-11,14C,unconfined,DM,4,17.464717864990234,17.46478843688965,4.040826766261761e-06,0.2729163258802146,0.2729209620971229,1.00001698768622,False,0.3451345223933457,0.3452362776733933,1.0002948278814359,False
SCTXSUS1-16,3H,confined,DM,2,28.134645462036133,21.975208282470703,0.2189271298220818,1.108877130039037,2.9,2.6152581935727253,True,2.6469247945817185,2.9,1.0956110298019532,True
SCTXSUS1-16,14C,confined,DM,2,28.134645462036133,28.238210678100582,0.0036810563759973,1.108877130039037,1.1134098685346543,1.004087683272409,False,2.6469247945817185,2.648456901754253,1.0005788253507129,True
SCTXSUS1-17,3H,unconfined,DM,2,22.84170913696289,25.56565284729004,0.1192530600050068,1.8790615678764864,2.9,1.5433235661763167,True,2.94925291899126,2.9,0.9832998659850081,True
SCTXSUS1-17,14C,unconfined,DM,2,22.84170913696289,20.095378875732425,0.1202331333773226,1.8790615678764864,1.9854065096005813,1.056594708519463,True,2.94925291899126,2.9,0.9832998659850081,True
SCTXSUS1-22,3H,unconfined,DM,2,21.055614471435547,21.93123435974121,0.0415860524751508,1.9453993702074528,2.9,1.490696483411913,True,2.9,2.9,1.0,True
SCTXSUS1-22,14C,unconfined,DM,2,21.055614471435547,16.731647491455078,0.2053593347202688,1.9453993702074528,2.437454905849884,1.2529329160777716,True,2.9,2.9,1.0,True
SCTXSUS1-23,3H,confined,DM,2,19.277406692504883,20.381441116333008,0.0572708996307774,2.9,2.9,1.0,True,2.9,2.9,1.0,True
SCTXSUS1-23,14C,confined,DM,2,19.277406692504883,14.163118362426758,0.2652996023612749,2.9,2.949294375791213,1.0169980606176596,True,2.9,2.9,1.0,True
SCTXSUS1-19/EDTRVFPS1-02,3H,confined,DM,4,18.941993713378903,18.33083152770996,0.0322649344581545,0.828063519950956,0.9195642379578202,1.1104996365644553,False,1.2673676198814068,1.457539161061868,1.1500523906380506,False
SCTXSUS1-19/EDTRVFPS1-02,3He(trit),confined,DM,4,18.941993713378903,18.12237548828125,0.0432699027092777,0.828063519950956,1.8403457237407552,2.2224692664274768,True,1.2673676198814068,2.730826304689981,2.154723114154926,True
SCTXSUS1-19/EDTRVFPS1-02,SF6,confined,DM,4,18.941993713378903,19.804908752441406,0.0455556607250384,0.828063519950956,0.9947033825796104,1.2012404345967616,False,1.2673676198814068,1.4029970671515921,1.1070166581049914,False
SCTXSUS1-19/EDTRVFPS1-02,14C,confined,DM,4,18.941993713378903,18.935941696166992,0.0003195026512779,0.828063519950956,0.8282287409529081,1.0001995269661943,False,1.2673676198814068,1.2704082575626663,1.0023991757668103,False
SCTXLUSRC1-27,3H,unconfined,DM,4,19.302978515625,19.231332778930664,0.0037116415291216,1.1045991134364157,1.1166697313077738,1.0109276005426135,False,1.1329531946685165,1.2990417080465695,1.1465978596111799,False
SCTXLUSRC1-27,3He(trit),unconfined,DM,4,19.302978515625,19.206483840942383,0.0049989526022892,1.1045991134364157,1.7720697200391429,1.604265021113607,True,1.1329531946685165,2.660069513809867,2.347907686149523,True
SCTXLUSRC1-27,SF6,unconfined,DM,4,19.302978515625,19.324237823486328,0.0011013485739581,1.1045991134364157,1.242851695930586,1.125160866790908,False,1.1329531946685165,1.3512339305132635,1.192665272380129,False
SCTXLUSRC1-27,14C,unconfined,DM,4,19.302978515625,19.30967330932617,0.000346826977803,1.1045991134364157,1.10595500911586,1.0012275002423512,False,1.1329531946685165,1.1345297802705319,1.0013915716990203,False
SCTXLUSRC1-23,3H,unconfined,DM,4,16.230592727661133,14.44326114654541,0.1101211527580041,1.2498083907179536,1.2717431699391453,1.0175505136500094,False,1.273212410695851,1.6493852748069926,1.2954517729728627,True
SCTXLUSRC1-23,3He(trit),unconfined,DM,4,16.230592727661133,16.17718505859375,0.0032905556786205,1.2498083907179536,2.3261733060237,1.861223947046337,True,1.273212410695851,2.7653456642059617,2.171943692172002,True
SCTXLUSRC1-23,SF6,unconfined,DM,4,16.230592727661133,16.870574951171875,0.0394306131790274,1.2498083907179536,1.3739278171677145,1.0993107642511988,False,1.273212410695851,1.3808913102373481,1.084572612265574,False
SCTXLUSRC1-23,14C,unconfined,DM,4,16.230592727661133,16.233577728271484,0.0001839119901803,1.2498083907179536,1.2519049895927312,1.0016775362450343,False,1.273212410695851,1.2765084913000464,1.0025887908227302,False
SCTXSUS1-03,3H,unconfined,DM,2,26.79131317138672,11.031862258911133,0.5882298792769431,1.299100721022113,2.9,2.232313440422328,True,2.7989358224673193,2.9,1.0361080724757705,True
SCTXSUS1-03,14C,unconfined,DM,2,26.79131317138672,28.14486312866211,0.0505219713799243,1.299100721022113,1.225715027144178,0.9435103893867473,False,2.7989358224673193,2.8079593259608373,1.0032239051074645,True
SCTXSUS1-06/EDTRVFPS1-22,3H,unconfined,DM,3,16.03807830810547,18.179113388061523,0.1334969837922539,2.2045256436336778,2.9,1.3154757389077067,True,2.8398650433635333,2.9,1.0211752867542054,True
SCTXSUS1-06/EDTRVFPS1-22,SF6,unconfined,DM,3,16.03807830810547,19.60350608825684,0.2223101615827277,2.2045256436336778,2.439256868348455,1.1064769763022009,True,2.8398650433635333,2.9,1.0211752867542054,True
SCTXSUS1-06/EDTRVFPS1-22,14C,unconfined,DM,3,16.03807830810547,15.930498123168944,0.0067077977092899,2.2045256436336778,2.247600497584787,1.0195392845964404,True,2.8398650433635333,2.842732251645066,1.0010096283583028,True
SCTXSUS1-15/EDTRVFPS1-01,3H,unconfined,DM,4,4.493257999420166,4.2648515701293945,0.0508331436388131,1.3630591013468802,1.49251357493922,1.0949734853495507,False,1.4570896005723626,1.5525312199257302,1.0655015445281313,True
SCTXSUS1-15/EDTRVFPS1-01,3He(trit),unconfined,DM,4,4.493257999420166,20.748151779174805,3.617618614789593,1.3630591013468802,1.81864421949722,1.3342372445187167,True,1.4570896005723626,2.6934792720014222,1.8485337284291856,True
SCTXSUS1-15/EDTRVFPS1-01,SF6,unconfined,DM,4,4.493257999420166,3.4683682918548584,0.2280950053830794,1.3630591013468802,1.7578937006687405,1.289667996737421,True,1.4570896005723626,1.834719847705367,1.2591674849540253,True
SCTXSUS1-15/EDTRVFPS1-01,14C,unconfined,DM,4,4.493257999420166,4.488033771514893,0.0011626814899005,1.3630591013468802,1.3645492780487976,1.0010932590527035,False,1.4570896005723626,1.4587956642732014,1.0011708708237081,False
SCTXSUS1-18/EDTRVFPS1-03,3H,unconfined,DM,4,5.900216579437256,6.171581745147705,0.0459924075763895,2.0547357283998293,2.0123150460189208,0.9793546772002916,True,2.1487022454384737,2.0546824108576405,0.956243432620583,True
SCTXSUS1-18/EDTRVFPS1-03,3He(trit),unconfined,DM,4,5.900216579437256,10.596352577209473,0.7959260367049305,2.0547357283998293,4.013136606593614,1.9531156981043647,True,2.1487022454384737,2.9,1.3496518683109642,True
SCTXSUS1-18/EDTRVFPS1-03,SF6,unconfined,DM,4,5.900216579437256,5.895011425018311,0.0008821971785045,2.0547357283998293,2.184153223363683,1.0629849830200016,True,2.1487022454384737,2.212425046926364,1.0296564131317725,True
SCTXSUS1-18/EDTRVFPS1-03,14C,unconfined,DM,4,5.900216579437256,5.898433208465576,0.0003022551710889,2.0547357283998293,2.053710232861342,0.9995009112245856,True,2.1487022454384737,2.148821225343274,1.0000553729140709,True
SCTXSUS1-02/EDTRVFPS1-25,3H,unconfined,DM,2,16.176528930664062,16.971115112304688,0.0491196958906564,2.9,2.9,1.0,True,2.9,2.9,1.0,True
SCTXSUS1-02/EDTRVFPS1-25,14C,unconfined,DM,2,16.176528930664062,11.299674987792969,0.3014771564267152,2.9,3.820469882921309,1.3174034079038996,True,2.9,2.9000000000000004,1.0000000000000002,True
SCTXSUS1-21/EDTRVFPS1-05,3H,confined,DM,4,31.92485237121582,31.853281021118164,0.0022418694146315,0.4015798625070605,0.4060498369392007,1.0111309725647948,False,0.3711442478001121,0.3732767742127177,1.0057458156100916,False
SCTXSUS1-21/EDTRVFPS1-05,3He(trit),confined,DM,4,31.92485237121582,32.95650863647461,0.0323151459954425,0.4015798625070605,0.5912636029999705,1.4723437557568635,False,0.3711442478001121,2.2509956766618417,6.065015664405945,True
SCTXSUS1-21/EDTRVFPS1-05,SF6,confined,DM,4,31.92485237121582,27.11495780944824,0.1506630165690065,0.4015798625070605,0.8252021852880713,2.0548893565935784,False,0.3711442478001121,1.0949729643296449,2.9502625214317386,False
SCTXSUS1-21/EDTRVFPS1-05,14C,confined,DM,4,31.92485237121582,31.958026885986328,0.0010391438740189,0.4015798625070605,0.4011611612047999,0.9989573647950206,False,0.3711442478001121,0.3708733879961073,0.9992702034165684,False
SCTXSUS1-12/EDTRVFPS1-10,3H,unconfined,DM,4,15.67016315460205,16.120426177978516,0.0287337801740903,0.9320172430481762,0.9770264866296208,1.0482922863468074,False,1.7092900558840496,1.7330572212580602,1.013904699961364,True
SCTXSUS1-12/EDTRVFPS1-10,3He(trit),unconfined,DM,4,15.67016315460205,16.513317108154297,0.053806328959927,0.9320172430481762,6.305036467988988,6.7649354290573775,True,1.7092900558840496,2.9000000000000004,1.6966108180510722,True
SCTXSUS1-12/EDTRVFPS1-10,SF6,unconfined,DM,4,15.67016315460205,15.227121353149414,0.0282729539623538,0.9320172430481762,1.0926874988246702,1.172389788895986,False,1.7092900558840496,1.967281495267523,1.1509348506974375,True
SCTXSUS1-12/EDTRVFPS1-10,14C,unconfined,DM,4,15.67016315460205,15.614180564880373,0.0035725594666344,0.9320172430481762,0.9330862801522016,1.001147014298286,False,1.7092900558840496,1.718436831096187,1.005351213025929,True
SCTXSUS1-25/EDTRVFPS1-06,3H,unconfined,DM,4,25.22128677368164,25.80296516418457,0.0230629941970252,0.5816206539515408,0.5909994947724044,1.0161253572361015,False,0.8619394121691588,0.8448271331377327,0.9801467727431545,False
SCTXSUS1-25/EDTRVFPS1-06,3He(trit),unconfined,DM,4,25.22128677368164,26.8071517944336,0.0628780377061015,0.5816206539515408,1.146612143423408,1.9714089168486453,False,0.8619394121691588,2.549142978689634,2.957450306483207,True
SCTXSUS1-25/EDTRVFPS1-06,SF6,unconfined,DM,4,25.22128677368164,19.39561462402344,0.2309823524046869,0.5816206539515408,1.048647492192686,1.8029749890554208,False,0.8619394121691588,1.672179931309073,1.9400202702192966,True
SCTXSUS1-25/EDTRVFPS1-06,14C,unconfined,DM,4,25.22128677368164,25.213302612304688,0.0003165643945369,0.5816206539515408,0.5817827130202198,1.0002786336206906,False,0.8619394121691588,0.8639349122066049,1.0023151279652291,False
SCTXSUS1-24/EDTRVFPS1-09,3H,unconfined,DM,4,30.60870933532715,30.48858642578125,0.0039244683018129,0.441552363755181,0.4327854587230831,0.9801452653145376,False,0.48568935925140944,0.5124733183998614,1.0551462753677248,False
SCTXSUS1-24/EDTRVFPS1-09,3He(trit),unconfined,DM,4,30.60870933532715,30.015661239624023,0.0193751421925738,0.441552363755181,0.6327872552443303,1.433096744999376,False,0.48568935925140944,2.301742801000364,4.7391254454246825,True
SCTXSUS1-24/EDTRVFPS1-09,SF6,unconfined,DM,4,30.60870933532715,31.11594009399414,0.01657145203707,0.441552363755181,0.8944513063877817,2.0256970176332487,False,0.48568935925140944,0.8590309508610513,1.7686839015478357,False
SCTXSUS1-24/EDTRVFPS1-09,14C,unconfined,DM,4,30.60870933532715,30.64377784729004,0.0011457037138908,0.441552363755181,0.4412477558013051,0.9993101430795538,False,0.48568935925140944,0.48552529490552837,0.9996622031289013,False
SCTXSUS1-20/EDTRVFPS1-04,3H,unconfined,DM,4,10.972871780395508,10.295623779296877,0.0617202146031293,1.5642964168917386,1.779054208751767,1.1372871468226926,True,1.6488340808544304,1.8743962812237434,1.136801029884357,True
SCTXSUS1-20/EDTRVFPS1-04,3He(trit),unconfined,DM,4,10.972871780395508,11.00650405883789,0.0030650388627042,1.5642964168917386,3.859027154627253,2.466941119954204,True,1.6488340808544304,2.9,1.7588185698449488,True
SCTXSUS1-20/EDTRVFPS1-04,SF6,unconfined,DM,4,10.972871780395508,11.047499656677246,0.0068011253366753,1.5642964168917386,1.6301718996837733,1.0421118926571022,True,1.6488340808544304,1.7154630310367782,1.0404097361620646,True
SCTXSUS1-20/EDTRVFPS1-04,14C,unconfined,DM,4,10.972871780395508,10.954809188842772,0.0016461134253847,1.5642964168917386,1.56668893834576,1.0015294553053924,True,1.6488340808544304,1.6527182095684112,1.0023556819689026,True
SCTXSUS1-08/EDTRVFPS1-13,3H,unconfined,DM,4,17.16606903076172,12.76332950592041,0.256479192583437,0.8029196005314585,1.5450218074023732,1.9242546904817264,True,0.776957691134884,1.6046014148741965,2.06523654142659,True
SCTXSUS1-08/EDTRVFPS1-13,3He(trit),unconfined,DM,4,17.16606903076172,17.789608001708984,0.03632392307347,0.8029196005314585,1.622825987404212,2.021156273093908,True,0.776957691134884,2.4694023283896973,3.178297038005633,True
SCTXSUS1-08/EDTRVFPS1-13,SF6,unconfined,DM,4,17.16606903076172,17.319665908813477,0.0089477024574764,0.8029196005314585,0.8110988026484853,1.0101868258186908,False,0.776957691134884,0.8033840508200235,1.0340126109653913,False
SCTXSUS1-08/EDTRVFPS1-13,14C,unconfined,DM,4,17.16606903076172,17.16510009765625,5.644467022312533e-05,0.8029196005314585,0.8030834863428031,1.000204112356002,False,0.776957691134884,0.777910381508992,1.0012261805050369,False
SCTXSUS1-07/EDTRVFPS1-16,3H,confined,DM,4,18.0756893157959,18.064077377319336,0.0006424063986547,0.996140813222154,1.157241431763395,1.1617247445370087,False,1.058917744131758,1.1637138428632163,1.0989652872588174,False
SCTXSUS1-07/EDTRVFPS1-16,3He(trit),confined,DM,4,18.0756893157959,21.87019920349121,0.2099233850174324,0.996140813222154,1.518317147716879,1.5241993175700477,True,1.058917744131758,2.654112420300953,2.506438705942309,True
SCTXSUS1-07/EDTRVFPS1-16,SF6,confined,DM,4,18.0756893157959,15.78908634185791,0.1265015642827951,0.996140813222154,1.461447227420286,1.4671090753655949,False,1.058917744131758,1.5433076169807476,1.457438621208635,True
SCTXSUS1-07/EDTRVFPS1-16,14C,confined,DM,4,18.0756893157959,18.066177368164062,0.0005262287631555,0.996140813222154,0.9970853199250996,1.0009481658520651,False,1.058917744131758,1.061314794421196,1.0022636794054323,False
SCTXSUS1-26/EDTRVFPS1-21,3H,confined,DM,4,15.23486614227295,12.197683334350586,0.1993573674726907,1.1123149324674162,1.5962734353262922,1.4350912576398889,True,1.1251360805239528,1.593584116129204,1.4163478922363812,True
SCTXSUS1-26/EDTRVFPS1-21,3He(trit),confined,DM,4,15.23486614227295,16.57903289794922,0.0882296400325134,1.1123149324674162,2.3338047220837312,2.0981510307577365,True,1.1251360805239528,2.7535572890425106,2.4473104513369046,True
SCTXSUS1-26/EDTRVFPS1-21,SF6,confined,DM,4,15.23486614227295,11.374163627624512,0.2534123029762599,1.1123149324674162,1.6156474876683204,1.4525090336460522,True,1.1251360805239528,1.6519766720477493,1.4682461087537586,True
SCTXSUS1-26/EDTRVFPS1-21,14C,confined,DM,4,15.23486614227295,15.22070026397705,0.0009298328034922,1.1123149324674162,1.1133420291822411,1.0009233866100733,False,1.1251360805239528,1.128440752811731,1.0029371312012672,False
SCTXSUS1-11/EDTRVFPS1-24,3H,unconfined,DM,4,23.55499267578125,22.332483291625977,0.0519002234890198,0.6467285175342112,0.7569600576534872,1.1704448422029647,False,1.0168057872448117,1.396375718852505,1.3732963918667251,False
SCTXSUS1-11/EDTRVFPS1-24,3He(trit),unconfined,DM,4,23.55499267578125,22.09430313110352,0.0620118870246809,0.6467285175342112,1.324986355891451,2.048752018765526,False,1.0168057872448117,2.569388825469651,2.5269219134086525,True
SCTXSUS1-11/EDTRVFPS1-24,SF6,unconfined,DM,4,23.55499267578125,28.52816772460937,0.2111304009846472,0.6467285175342112,0.8844492495991291,1.3675742225984997,False,1.0168057872448117,1.004038834478707,0.9874440596953143,False
SCTXSUS1-11/EDTRVFPS1-24,14C,unconfined,DM,4,23.55499267578125,23.65861320495605,0.0043990898490639,0.6467285175342112,0.6455521425232286,0.9981810373609812,False,1.0168057872448117,1.0135302110575137,0.9967785626041983,False
EDTRVFPS1-17,3H,confined,DM,4,19.924819946289062,15.179466247558594,0.2381629400678361,0.8499262420926242,1.0041633808519683,1.181471204347795,False,1.2497730426024631,1.9378319521900256,1.5505470882575478,True
EDTRVFPS1-17,3He(trit),confined,DM,4,19.924819946289062,17.27783966064453,0.1328483917435612,0.8499262420926242,1.9521866379771369,2.2968894726330724,True,1.2497730426024631,2.6951202337397264,2.1564877316665005,True
EDTRVFPS1-17,SF6,confined,DM,4,19.924819946289062,24.797468185424805,0.2445516823876372,0.8499262420926242,0.942226972291246,1.1085985178800526,False,1.2497730426024631,1.0699244732037185,0.856095016240519,False
EDTRVFPS1-17,14C,confined,DM,4,19.924819946289062,20.02781867980957,0.0051693683455187,0.8499262420926242,0.8489311065059154,0.9988291506516392,False,1.2497730426024631,1.2462219931650906,0.9971586445567925,False
SCTXSUS1-05/EDTRVFPS1-23,3H,unconfined,DM,4,17.726408004760742,17.5932559967041,0.0075115053213758,0.9690480843186384,1.1792632221244284,1.2169295220820724,False,1.0309248652774845,1.2999870418570942,1.2609910631141763,False
SCTXSUS1-05/EDTRVFPS1-23,3He(trit),unconfined,DM,4,17.726408004760742,18.43415641784668,0.0399262170257989,0.9690480843186384,1.7914110286626963,1.8486296579620007,True,1.0309248652774845,2.567750382912345,2.490725046408894,True
SCTXSUS1-05/EDTRVFPS1-23,SF6,unconfined,DM,4,17.726408004760742,17.51793098449707,0.0117608158521276,0.9690480843186384,1.080186262866483,1.1146879915933052,False,1.0309248652774845,1.2378312545362864,1.2006997757330364,False
SCTXSUS1-05/EDTRVFPS1-23,14C,unconfined,DM,4,17.726408004760742,17.689706802368164,0.002070425231255,0.9690480843186384,0.9689303985331216,0.9998785552673588,False,1.0309248652774845,1.0338795855641372,1.0028660869343349,False
EDTRVFPS1-19,3H,confined,DM,4,24.30999755859375,24.04612159729004,0.0108546272235403,0.7912664058618247,0.8123785276897255,1.0266814332966734,False,0.8517833632882684,0.9405948103871198,1.104265299049748,False
EDTRVFPS1-19,3He(trit),confined,DM,4,24.30999755859375,24.1347599029541,0.0072084604376153,0.7912664058618247,1.1235150331165642,1.419894772220064,False,0.8517833632882684,2.549216742464341,2.9927994045612882,True
EDTRVFPS1-19,SF6,confined,DM,4,24.30999755859375,25.282100677490234,0.0399877917121731,0.7912664058618247,0.9387267031241204,1.1863598608128525,False,0.8517833632882684,1.0638083641417329,1.2489189270320473,False
EDTRVFPS1-19,14C,confined,DM,4,24.30999755859375,24.37861633300781,0.0028226565736451,0.7912664058618247,0.7892708835657691,0.9974780651860456,False,0.8517833632882684,0.8502014370169496,0.9981428067986537,False
EDTRPAS1-46,3H,confined,BMM-DM-DM,3,35.18800354003906,34.73855972290039,0.0127726432852965,0.4405702249612655,1.308639593375847,2.97033144600478,False,1.2412086891243226,2.9,2.3364322417416856,True
EDTRPAS1-46,SF6,confined,BMM-DM-DM,3,35.18800354003906,36.30403137207031,0.0317161452698322,0.4405702249612655,1.086689939699135,2.4665532941874946,False,1.2412086891243226,2.9000000000000004,2.336432241741686,True
EDTRPAS1-46,14C,confined,BMM-DM-DM,3,35.18800354003906,35.248817443847656,0.0017282567264549,0.4405702249612655,0.4368404545821254,0.9915342204991996,False,1.2412086891243226,2.1510645256144945,1.7330401764525825,True
EDTRPAS1-04/EDTRETN1-01,3H,confined,BMM-DM-DM,4,35.0,35.0,0.0,,,,False,,,,False
EDTRPAS1-04/EDTRETN1-01,3He(trit),confined,BMM-DM-DM,4,35.0,35.0,0.0,,,,False,,,,False
EDTRPAS1-04/EDTRETN1-01,SF6,confined,BMM-DM-DM,4,35.0,35.0,0.0,,,,False,,,,False
EDTRPAS1-04/EDTRETN1-01,14C,confined,BMM-DM-DM,4,35.0,35.0,0.0,,,,False,,,,False
EDTRPAS1-41,3H,confined,BMM-DM-DM,4,29.21108627319336,30.363637924194336,0.0394559668278635,0.6822832445148378,0.5868842022959153,0.8601767770410962,False,1.3177406340138993,2.633081391616723,1.9981787945600755,True
EDTRPAS1-41,3He(trit),confined,BMM-DM-DM,4,29.21108627319336,23.4980697631836,0.195576996232849,0.6822832445148378,1.2468141901306815,1.8274143475665647,False,1.3177406340138993,3.0194609698606656,2.291392472783697,True
EDTRPAS1-41,SF6,confined,BMM-DM-DM,4,29.21108627319336,33.96849060058594,0.1628629720544965,0.6822832445148378,0.9820911377202718,1.439418519530878,False,1.3177406340138993,2.4518634338164733,1.8606570750937408,True
EDTRPAS1-41,14C,confined,BMM-DM-DM,4,29.21108627319336,29.21800994873047,0.0002370221864519,0.6822832445148378,0.682274419441819,0.9999870653821712,False,1.3177406340138993,1.3201401663711299,1.0018209443461734,True
EDTRPAS1-29,3H,confined,BMM-DM-DM,4,42.02798461914063,41.85553741455078,0.0041031518915924,1.0268364159623158,1.0741893450962383,1.046115358199042,False,1.8045050077373148,2.9,1.6070889177727117,True
EDTRPAS1-29,3He(trit),confined,BMM-DM-DM,4,42.02798461914063,9.188051223754885,0.7813825405377538,1.0268364159623158,4.239347772602923,4.128552227698267,True,1.8045050077373148,7.765496135200375,4.30339406203012,True
EDTRPAS1-29,SF6,confined,BMM-DM-DM,4,42.02798461914063,44.74139404296875,0.0645619686125127,1.0268364159623158,1.583320845453999,1.5419406838723824,True,1.8045050077373148,1.7001514747505995,0.9421705495195244,True
EDTRPAS1-29,14C,confined,BMM-DM-DM,4,42.02798461914063,15.620676040649414,0.6283267879198909,1.0268364159623158,2.331721730157732,2.270782077759214,True,1.8045050077373148,5.232500339136449,2.8996873473338423,True
EDTRPAS1-43,3H,confined,BMM-DM-DM,4,32.11574172973633,33.03056716918945,0.0284852657974291,0.5194846351630986,0.3330116362310946,0.6410423209659348,False,1.2505375195993107,1.5527019153581931,1.241627612944952,True
EDTRPAS1-43,3He(trit),confined,BMM-DM-DM,4,32.11574172973633,29.490278244018555,0.0817500497983774,0.5194846351630986,0.6319241680670526,1.216444386018563,False,1.2505375195993107,2.4009787277551364,1.919957370430951,True
EDTRPAS1-43,SF6,confined,BMM-DM-DM,4,32.11574172973633,35.95956802368164,0.1196866734790767,0.5194846351630986,1.0123381903627888,1.948735577222516,False,1.2505375195993107,2.2768040069611746,1.820660293095959,True
EDTRPAS1-43,14C,confined,BMM-DM-DM,4,32.11574172973633,32.148406982421875,0.0010171103305175,0.5194846351630986,0.5179022823926058,0.9969539950493512,False,1.2505375195993107,1.252608041395433,1.0016557054575905,True
EDTRPAS1-35,3H,confined,BMM-DM-DM,4,27.97784805297852,28.87555503845215,0.0320863485917053,0.7604204942937941,0.6236554639879613,0.8201455229940284,False,1.3259451407706366,2.8574213327141504,2.155007205692856,True
EDTRPAS1-35,3He(trit),confined,BMM-DM-DM,4,27.97784805297852,20.47034454345703,0.2683374180639399,0.7604204942937941,1.5437453248538089,2.030120619365332,True,1.3259451407706366,2.5852172067156087,1.9497165661115403,True
EDTRPAS1-35,SF6,confined,BMM-DM-DM,4,27.97784805297852,32.625038146972656,0.166102485265996,0.7604204942937941,1.0482055217027666,1.378455117357456,False,1.3259451407706366,2.586425002035683,1.950627459996164,True
EDTRPAS1-35,14C,confined,BMM-DM-DM,4,27.97784805297852,28.041236877441406,0.0022656790594779,0.7604204942937941,0.7574309854302551,0.9960686108725734,False,1.3259451407706366,1.3262988512171432,1.0002667609960854,True
EDTRPAS1-34,3H,confined,BMM-DM-DM,4,30.31180953979492,30.371456146240234,0.0019677679211795,0.429147109296173,0.4312278038822114,1.0048484413408978,False,1.1483748862287024,1.2318506297888234,1.0726903248766244,True
EDTRPAS1-34,3He(trit),confined,BMM-DM-DM,4,30.31180953979492,30.388486862182617,0.0025296187707642,0.429147109296173,0.6464886655565344,1.5064500064251032,False,1.1483748862287024,1.5134111424675207,1.317872029958447,True
EDTRPAS1-34,SF6,confined,BMM-DM-DM,4,30.31180953979492,30.20942497253418,0.0033777121463608,0.429147109296173,0.8908808059059073,2.07593337251416,False,1.1483748862287024,2.9122186914784858,2.5359477348397084,True
EDTRPAS1-34,14C,confined,BMM-DM-DM,4,30.31180953979492,30.26919746398925,0.0014057912230452,0.429147109296173,0.4318438910879197,1.006284049765987,False,1.1483748862287024,1.1573228344554087,1.0077918355181832,True
EDTRPAS1-30,3H,confined,BMM-DM-DM,4,30.1718978881836,32.817710876464844,0.0876913012925662,0.7012635626830156,0.5045610548462715,0.7195027400480276,False,2.4986127613810822,2.4001885396195597,0.9606084531053465,True
EDTRPAS1-30,3He(trit),confined,BMM-DM-DM,4,30.1718978881836,24.568885803222656,0.1857030043560925,0.7012635626830156,1.122538197599351,1.600736523803618,False,2.4986127613810822,1.9380303127923995,0.7756425256233677,True
EDTRPAS1-30,SF6,confined,BMM-DM-DM,4,30.1718978881836,38.44814682006836,0.2743032262191913,0.7012635626830156,1.001139245531522,1.427621936752553,False,2.4986127613810822,2.103970135399142,0.8420553068160087,True
EDTRPAS1-30,14C,confined,BMM-DM-DM,4,30.1718978881836,30.330739974975582,0.0052645706074128,0.7012635626830156,0.6926395148970187,0.987702130489995,False,2.4986127613810822,2.4820074816932864,0.9933542004009387,True
EDTRPAS1-05/EDTRETN1-03,3H,confined,BMM-DM-DM,3,28.212478637695312,29.73360252380371,0.0539167049319796,0.7646655259653926,1.7251505760475994,2.2560851999566625,True,1.409825734631158,7.541051612724532,5.348924641879544,True
EDTRPAS1-05/EDTRETN1-03,SF6,confined,BMM-DM-DM,3,28.212478637695312,28.492895126342773,0.0099394488605049,0.7646655259653926,1.1918561208993197,1.558663337665965,False,1.409825734631158,2.9000000000000004,2.0569918173317396,True
EDTRPAS1-05/EDTRETN1-03,14C,confined,BMM-DM-DM,3,28.212478637695312,27.447341918945312,0.0271205068004086,0.7646655259653926,0.8665173763874917,1.1331979106727883,False,1.409825734631158,2.622645763331095,1.8602623706661434,True
SCTXSUS1-04/EDTRVFPS1-20,3H,confined,BMM-DM-DM,3,32.0,32.0,0.0,,,,False,,,,False
SCTXSUS1-04/EDTRVFPS1-20,SF6,confined,BMM-DM-DM,3,32.0,32.0,0.0,,,,False,,,,False
SCTXSUS1-04/EDTRVFPS1-20,14C,confined,BMM-DM-DM,3,32.0,32.0,0.0,,,,False,,,,False
EDTRVFPS1-11,3H,confined,BMM-DM-DM,3,14.0,14.0,0.0,,,,False,,,,False
EDTRVFPS1-11,SF6,confined,BMM-DM-DM,3,14.0,14.0,0.0,,,,False,,,,False
EDTRVFPS1-11,14C,confined,BMM-DM-DM,3,14.0,14.0,0.0,,,,False,,,,False
EDTRPAS1-44,3H,confined,BMM-DM-DM,4,18.606800079345703,17.42530632019043,0.0634979552699541,1.2178918031044297,1.5892811901401718,1.3049444836471216,True,1.5247334019513799,1.7254142266931,1.1316169925082546,True
EDTRPAS1-44,3He(trit),confined,BMM-DM-DM,4,18.606800079345703,20.19306755065918,0.0852520296100938,1.2178918031044297,1.5748767094220963,1.2931170941521286,True,1.5247334019513799,3.5471257203491358,2.3263907748131336,True
EDTRPAS1-44,SF6,confined,BMM-DM-DM,4,18.606800079345703,17.89191246032715,0.038420771759251,1.2178918031044297,1.57906631459482,1.2965571412581558,True,1.5247334019513799,1.9784789534518494,1.2975900907789901,True
EDTRPAS1-44,14C,confined,BMM-DM-DM,4,18.606800079345703,18.55462074279785,0.002804315429055,1.2178918031044297,1.222739750845358,1.0039806062645062,False,1.5247334019513799,1.5292353539494796,1.0029526158424404,True
SCTXSUS1-10/EDTRVFPS1-15,3H,confined,BMM-DM-DM,4,14.0,14.0,0.0,,,,False,,,,False
SCTXSUS1-10/EDTRVFPS1-15,3He(trit),confined,BMM-DM-DM,4,14.0,14.0,0.0,,,,False,,,,False
SCTXSUS1-10/EDTRVFPS1-15,SF6,confined,BMM-DM-DM,4,14.0,14.0,0.0,,,,False,,,,False
SCTXSUS1-10/EDTRVFPS1-15,14C,confined,BMM-DM-DM,4,14.0,14.0,0.0,,,,False,,,,False
SCTXSUS1-13/EDTRVFPS1-08,3H,unconfined,BMM-DM-DM,4,28.0,28.0,0.0,,,,False,,,,False
SCTXSUS1-13/EDTRVFPS1-08,3He(trit),unconfined,BMM-DM-DM,4,28.0,28.0,0.0,,,,False,,,,False
SCTXSUS1-13/EDTRVFPS1-08,SF6,unconfined,BMM-DM-DM,4,28.0,28.0,0.0,,,,False,,,,False
SCTXSUS1-13/EDTRVFPS1-08,14C,unconfined,BMM-DM-DM,4,28.0,28.0,0.0,,,,False,,,,False
SCTXSUS1-09/EDTRVFPS1-14,3H,confined,BMM-DM-DM,4,10.0,10.0,0.0,,,,False,,,,False
SCTXSUS1-09/EDTRVFPS1-14,3He(trit),confined,BMM-DM-DM,4,10.0,10.0,0.0,,,,False,,,,False
SCTXSUS1-09/EDTRVFPS1-14,SF6,confined,BMM-DM-DM,4,10.0,10.0,0.0,,,,False,,,,False
SCTXSUS1-09/EDTRVFPS1-14,14C,confined,BMM-DM-DM,4,10.0,10.0,0.0,,,,False,,,,False
SCTXSUS1-14/EDTRVFPS1-07,3H,unconfined,BMM-DM-DM,4,8.0,8.0,0.0,,,,False,,,,False
SCTXSUS1-14/EDTRVFPS1-07,3He(trit),unconfined,BMM-DM-DM,4,8.0,8.0,0.0,,,,False,,,,False
SCTXSUS1-14/EDTRVFPS1-07,SF6,unconfined,BMM-DM-DM,4,8.0,8.0,0.0,,,,False,,,,False
SCTXSUS1-14/EDTRVFPS1-07,14C,unconfined,BMM-DM-DM,4,8.0,8.0,0.0,,,,False,,,,False
EDTRVFPS1-12,3H,confined,BMM-DM-DM,4,10.0,10.0,0.0,,,,False,,,,False
EDTRVFPS1-12,3He(trit),confined,BMM-DM-DM,4,10.0,10.0,0.0,,,,False,,,,False
EDTRVFPS1-12,SF6,confined,BMM-DM-DM,4,10.0,10.0,0.0,,,,False,,,,False
EDTRVFPS1-12,14C,confined,BMM-DM-DM,4,10.0,10.0,0.0,,,,False,,,,False
EDTRVFPS1-18,3H,confined,BMM-DM-DM,4,12.0,12.0,0.0,,,,False,,,,False
EDTRVFPS1-18,3He(trit),confined,BMM-DM-DM,4,12.0,12.0,0.0,,,,False,,,,False
EDTRVFPS1-18,SF6,confined,BMM-DM-DM,4,12.0,12.0,0.0,,,,False,,,,False
EDTRVFPS1-18,14C,confined,BMM-DM-DM,4,12.0,12.0,0.0,,,,False,,,,False
