SampleID,LPM,free_params,n_active,tau1,chi2_stored,chi2_profile_ref,tau1_lo_cond,tau1_hi_cond,w_tau1_cond,tau1_lo_true,tau1_hi_true,w_tau1_true,true_hit_bound,n_eval,seconds
EDTRPAS1-36,DM,"Mean Age, Model Parm 1",4,29.5683,0.045,0.045,21.06314182235572,35.37833976788539,0.48414004002697725,20.963103294192095,35.48357200645854,0.49108229801058706,False,75,2.69
EDTRPAS1-37,DM,"Mean Age, Model Parm 1",3,22.6662,0.0483,0.0483,10.115486621611769,36.38427925120553,1.1589411824475986,9.511596202929322,67.9986,2.580362116149627,True,288,8.22
EDTRPAS1-33,DM,"Mean Age, Model Parm 1",4,31.2915,0.0134,0.0134,23.4599390028632,36.67432975788272,0.42229969017207597,23.39152240825927,37.16254615840522,0.44008832271210874,False,74,2.66
EDTRPAS1-31,DM,"Mean Age, Model Parm 1",3,31.1975,0.0,0.0,22.789418220524723,41.57339286801877,0.6020987145602708,22.789416313068173,93.5925,2.2695114572299646,True,210,6.06
EDTRPAS1-32,DM,"Mean Age, Model Parm 1",4,32.061,0.077,0.077,24.52988338502075,37.771097183041576,0.41300064870156344,24.524645804940565,37.81781577992973,0.4146211900748313,False,73,2.64
EDTRPAS1-42,DM,"Mean Age, Model Parm 1",4,30.6951,0.0571,0.0571,22.238795280581627,36.142839431915206,0.4529727595392613,22.12641429944678,37.06971931396963,0.4868303088936947,False,75,2.86
EDTRPAS1-28,DM,"Mean Age, Model Parm 1",4,30.5696,0.0671,0.0671,24.08884525304563,35.245134354191066,0.36494717304594876,24.088166236916546,35.262067795251255,0.36552331591956416,False,73,2.68
EDTRPAS1-45,DM,"Mean Age, Model Parm 1",3,20.9116,0.0044,0.0044,5.454188585453862,51.69335746795434,2.211173170991243,5.439204931654156,62.7348,2.7398953245254236,True,313,9.9
EDTRPAS1-49,DM,"Mean Age, Model Parm 1",4,21.5416,0.2223,0.2223,9.77196645743469,26.434908866694396,0.7735238983761515,9.052164554455413,33.99637794513417,1.1579554624855517,False,88,3.32
EDTRPAS1-50,DM,"Mean Age, Model Parm 1",3,16.5395,0.005,0.005,4.39791130989313,40.37495231654702,2.175219384301453,4.375075578627157,49.6185,2.735477155982517,True,389,11.68
EDTRPAS1-41,BMM-DM-DM,"Mean Age, Fraction",4,29.2111,0.1641,0.1641,16.857579230905777,35.996412277561554,0.6551904257852589,2.92111,41.41387748694428,1.3177445384440942,True,60,4.44
EDTRPAS1-35,BMM-DM-DM,"Mean Age, Fraction",4,27.9778,0.1717,0.1717,14.745302677373376,35.26371955852801,0.7333820701111108,2.79778,39.894975662073065,1.3259511349024249,True,60,4.46
EDTRPAS1-29,BMM-DM-DM,"Mean Age, Fraction",4,42.028,0.9536,0.9536,4.2028,47.3621807091222,1.026919689471833,4.2028,80.04209518445883,1.804494508053175,True,70,5.12
EDTRPAS1-46,BMM-DM-DM,"Mean Age, Fraction",3,35.188,0.0014,0.0014,27.55564594294364,41.89246177667502,0.4074348025955262,3.5188000000000006,47.19460487370762,1.2412130519980566,True,58,3.37
EDTRPAS1-30,BMM-DM-DM,"Mean Age, Fraction",4,30.1719,0.3256,0.3256,17.36961650869452,37.753427505165774,0.6755892402026804,3.0171900000000003,78.40514755183034,2.498614855273627,True,83,6.07
EDTRPAS1-34,BMM-DM-DM,"Mean Age, Fraction",4,30.3118,0.0039,0.0039,21.670132637195742,35.74197196997653,0.4642363479826599,3.0311800000000004,37.84051322970734,1.1483756566653032,True,56,4.29
EDTRPAS1-43,BMM-DM-DM,"Mean Age, Fraction",4,32.1157,0.1033,0.1033,22.402131080810825,37.55888557468715,0.47194221187382895,3.21157,43.373365402041486,1.2505346419988195,True,59,4.5
EDTRPAS1-04/EDTRETN1-01,BMM-DM-DM,Fraction,4,35.0,1.017,,,,,,,,False,0,0.0
EDTRPAS1-05/EDTRETN1-03,BMM-DM-DM,"Mean Age, Fraction",3,28.2125,0.015,0.015,17.786177635590143,38.500204085800526,0.734214495355264,2.82125,42.59540367070676,1.4098060671938595,True,62,4.08
EDTRPAS1-44,BMM-DM-DM,"Mean Age, Fraction",4,18.6068,0.0046,0.0046,6.950332880392125,30.10403919222184,1.2443679897580302,1.8606800000000001,30.231282233944107,1.5247437621699653,True,64,4.61
EDTRPAS1-40,BMM-DM-DM,"Mean Age, Fraction",4,14.3747,0.0936,0.0936,3.1169868707758095,25.389891624329465,1.549451797502115,1.4374700000000002,26.637707709980468,1.753096600971183,True,69,4.92
EDTRPAS1-38,DM,Mean Age,3,45819.1758,2.0,2.0,39718.54101529633,50000.0,0.22439205431328754,38421.22851507053,50000.0,0.2527058001975119,True,37,1.17
EDTRPAS1-39,DM,"Mean Age, Model Parm 1",4,26.8593,0.0677,0.0677,15.826346873849392,32.26357078501458,0.6119751412421466,15.66129541368867,34.928457260624555,0.7173367082141338,False,80,2.88
EDTRPAS1-48,DM,"Mean Age, Model Parm 1",3,18.934,0.0651,0.0651,1.8934000000000002,246.6350784299775,12.926041957852407,1.8934000000000002,56.80200000000001,2.9000000000000004,True,315,9.7
EDTRPAS1-47,DM,Mean Age,3,4.7281,0.2865,0.2865,0.5,43.98455619801947,9.19704663565057,0.5,14.1843,2.8942492756075375,True,843,27.68
SCTXLUSRC1-11,DM,"Mean Age, Model Parm 1",4,17.4647,3.7389,3.7389,14.12420988098687,19.611210823019825,0.3141766501590611,14.03720712673128,20.064801216185657,0.345130124734715,False,71,2.72
SCTXLUSRC1-08,DM,"Mean Age, Model Parm 1",3,15.005,0.0035,0.0035,1.889762580735729,42.22213554401013,2.687928887922319,1.8897398113919226,45.015,2.874059326131828,True,296,9.01
SCTXLUSRC1-10,DM,"Mean Age, Model Parm 1",4,10.5141,1.9227,1.9227,5.983344316402788,17.051024437136512,1.0526512132026253,5.92224192643621,17.051024437136512,1.0584626844618465,False,86,3.28
SCTXLUSRC1-09,DM,"Mean Age, Model Parm 1",4,5.2445,0.7588,0.7588,0.8758558928717526,9.35016679759514,1.6158472504001118,0.8295704424498502,10.649494647898967,1.872423339774834,False,102,3.84
SCTXLUSRC1-16,DM,"Mean Age, Model Parm 1",4,22.8709,0.0032,0.0032,11.50440931372205,30.89942073842568,0.8480213469825687,11.429405689501557,32.019472122689564,0.9002735543064772,False,84,3.28
SCTXLUSRC1-01/EDTRETN1-02,DM,"Mean Age, Model Parm 1",4,10.279,0.4605,0.4605,2.0737537145275384,13.66323900237602,1.1274915155023333,1.865077316596196,14.199700832361097,1.1999828306026754,False,89,3.3
SCTXLUSRC1-24,DM,"Mean Age, Model Parm 1",4,26.6973,0.0252,0.0252,17.128510475253105,31.549557685832394,0.540168751543388,15.700401782734113,136.40763092093516,4.521327218040815,False,156,5.74
SCTXLUSRC1-25,DM,"Mean Age, Model Parm 1",4,3.0089,2.5557,2.5557,0.8397576510212277,5.440829515515102,1.5291541309095928,0.8027584850169982,5.615379571980149,1.5994619585108016,False,97,3.58
SCTXLUSRC1-27,DM,"Mean Age, Model Parm 1",4,19.303,0.0002,0.0002,8.584432125023866,29.047839164551526,1.0601153727155188,7.7747585776844765,29.643963813430943,1.132943337084726,False,87,3.22
SCTXLUSRC1-23,DM,"Mean Age, Model Parm 1",4,16.2306,0.0104,0.0104,6.227804422433749,25.966324806549064,1.2161300496663905,5.301311254202369,25.966324806549064,1.2732131623197354,False,90,3.33
SCTXSUS1-19/EDTRVFPS1-02,DM,"Mean Age, Model Parm 1",4,18.942,0.0025,0.0025,7.728421926911497,24.20529842363004,0.8698593863751738,6.797101735955426,30.803473472973828,1.2673620386980466,False,90,3.7
SCTXSUS1-17,DM,Mean Age,2,22.8417,0.0008,0.0008,1.168116987059141,45.18441200303984,1.9270148463547239,1.1591989397886593,68.5251,2.949250758928247,True,206,4.33
SCTXSUS1-16,DM,Mean Age,2,28.1346,0.0295,0.0295,9.933636188274868,42.45194435164838,1.1558119953144352,9.933636188274868,84.40379999999999,2.646924563054926,True,167,3.46
SCTXSUS1-22,DM,Mean Age,2,21.0556,0.0,0.0,2.10556,43.072851180620724,1.9456719913287073,2.10556,63.166799999999995,2.9000000000000004,True,188,3.9
SCTXSUS1-15/EDTRVFPS1-01,DM,"Mean Age, Model Parm 1",4,4.4933,1.5303,1.5303,1.2541640401659988,7.248471975368633,1.334054689249023,1.1865001321268303,7.733582258248553,1.4570765642449255,False,94,3.53
SCTXSUS1-21/EDTRVFPS1-05,DM,"Mean Age, Model Parm 1",4,31.9249,0.0293,0.0293,24.937279700949414,36.76384544310393,0.370449578296393,24.937279700949414,36.78577613880829,0.3711365247145292,False,73,2.81
SCTXSUS1-23,DM,Mean Age,2,19.2774,0.0,0.0,1.92774,57.8322,2.9,1.92774,57.8322,2.9,True,206,4.33
SCTXSUS1-18/EDTRVFPS1-03,DM,"Mean Age, Model Parm 1",4,5.9002,0.1023,0.1023,1.020120799638562,13.306169033127476,2.082310469727961,0.9866742192822953,13.664556026468267,2.1487206886522445,False,108,4.04
SCTXSUS1-20/EDTRVFPS1-04,DM,"Mean Age, Model Parm 1",4,10.9729,0.004,0.004,2.242150664121203,19.908074378762443,1.6099594195373366,1.9522565004999577,20.044959068188696,1.6488533175084745,False,98,3.72
SCTXSUS1-24/EDTRVFPS1-09,DM,"Mean Age, Model Parm 1",4,30.6087,0.013,0.013,21.880585670838926,36.472620011047994,0.4767283269204203,21.778302193039252,36.64465904233014,0.4856905667111275,False,74,2.69
SCTXSUS1-13/EDTRVFPS1-08,BMM-DM-DM,"Fraction, 2nd Mean Age",4,28.0,0.2474,,,,,,,,False,0,0.0
SCTXSUS1-25/EDTRVFPS1-06,DM,"Mean Age, Model Parm 1",4,25.2213,0.0313,0.0313,14.391740321830213,29.798762321691328,0.610873428406193,13.545468806860754,35.28477287331723,0.8619422498624765,False,82,3.03
SCTXSUS1-14/EDTRVFPS1-07,BMM-DM-DM,"Fraction, 2nd Mean Age",4,8.0,0.1785,,,,,,,,False,0,0.0
SCTXSUS1-12/EDTRVFPS1-10,DM,"Mean Age, Model Parm 1",4,15.6702,0.0026,0.0026,4.990175008628553,20.09044551828751,0.9636297245509922,3.8798269030536883,30.664454460181332,1.7092715828213834,False,100,3.61
SCTXSUS1-10/EDTRVFPS1-15,BMM-DM-DM,"Fraction, 2nd Mean Age",4,14.0,0.0423,,,,,,,,False,0,0.0
SCTXSUS1-09/EDTRVFPS1-14,BMM-DM-DM,"Fraction, 2nd Mean Age",4,10.0,0.0463,,,,,,,,False,0,0.0
SCTXSUS1-08/EDTRVFPS1-13,DM,Mean Age,4,17.1661,0.2093,0.2093,9.355637073623022,22.365925789234232,0.757905914308504,9.32030820823115,22.657507896491367,0.776949900574983,False,81,2.98
SCTXSUS1-07/EDTRVFPS1-16,DM,"Mean Age, Model Parm 1",4,18.0757,0.0611,0.0611,8.529444217666349,27.044444084160045,1.0243033390957859,7.9036428927306535,27.044444084160045,1.0589244782458986,False,86,3.05
SCTXSUS1-04/EDTRVFPS1-20,BMM-DM-DM,"Fraction, 2nd Mean Age",3,32.0,0.0622,,,,,,,,False,0,0.0
SCTXSUS1-26/EDTRVFPS1-21,DM,"Mean Age, Model Parm 1",4,15.2349,0.0997,0.0997,5.1359322074346405,21.519608497594525,1.0754042553715406,4.592520475083893,21.734108924664234,1.1251526724547152,False,87,3.19
SCTXSUS1-06/EDTRVFPS1-22,DM,"Mean Age, Model Parm 1",3,16.0381,0.0007,0.0007,2.570802331105492,38.56287956213765,2.2441609187517324,2.5684772728450866,48.1143,2.8398515240056437,True,278,8.01
SCTXSUS1-11/EDTRVFPS1-24,DM,"Mean Age, Model Parm 1",4,23.555,0.0331,0.0331,12.256879330086413,28.188536643917786,0.6763598944526161,11.787988185742758,35.73913383511954,1.0168179006315763,False,85,3.28
SCTXSUS1-03,DM,Mean Age,2,26.7913,0.011,0.011,8.693471431520274,44.18252372682133,1.3246483856812121,5.386791467781217,80.37389999999999,2.7989350472809744,True,177,3.87
SCTXSUS1-05/EDTRVFPS1-23,DM,"Mean Age, Model Parm 1",4,17.7264,0.0335,0.0335,9.0366826058526,26.929673194751054,1.0093978805001833,8.65506887445253,26.929673194751054,1.0309258687775589,False,86,3.22
EDTRVFPS1-11,BMM-DM-DM,"Fraction, 2nd Mean Age",3,14.0,0.09,,,,,,,,False,0,0.0
EDTRVFPS1-12,BMM-DM-DM,"Fraction, 2nd Mean Age",4,10.0,0.6198,,,,,,,,False,0,0.0
EDTRVFPS1-18,BMM-DM-DM,"Fraction, 2nd Mean Age",4,12.0,0.5518,,,,,,,,False,0,0.0
EDTRVFPS1-17,DM,"Mean Age, Model Parm 1",4,19.9248,0.0966,0.0966,8.495752811850718,24.904128074677555,0.8235151802189651,7.785269021762048,32.68655586280826,1.2497634526342154,False,90,3.26
EDTRVFPS1-19,DM,"Mean Age, Model Parm 1",4,24.31,0.0094,0.0094,12.894518375216293,31.38563633014656,0.7606383362784973,12.800360202479414,33.50690650931396,0.8517707242630417,False,82,3.06
SCTXSUS1-02/EDTRVFPS1-25,DM,Mean Age,2,16.1765,0.0,0.0,1.6176500000000003,48.5295,2.9,1.6176500000000003,48.5295,2.9,True,246,5.18
