SampleID,LPM,free_params,n_active,tau1_reported,tau1_sigma,tau1_shift_pct,chi2_sigma,w_reported,w_sigma,hit_bound,w_sigma_scaled,hit_bound_scaled,dof,dchi2_scaled,cls_reported,cls_sigma,cls_sigma_scaled,n_eval,seconds
EDTRPAS1-36,DM,"Mean Age, Model Parm 1",4,29.5683,27.349058151245117,-7.50547663800382,17.01831790869705,0.491082298010587,0.033201701985672044,False,0.08600102253258225,False,2,8.509158954348525,well constrained,well constrained,well constrained,132,21.9
EDTRPAS1-37,DM,"Mean Age, Model Parm 1",3,22.6662,26.96878433227539,18.982380514931442,26.409365373898765,2.580362116149627,0.022195975668728482,False,0.10714555983431634,False,1,26.409365373898765,unconstrained,well constrained,well constrained,133,17.9
EDTRPAS1-33,DM,"Mean Age, Model Parm 1",4,31.2915,29.472511291503906,-5.813044144563517,6.79204829754681,0.4400883227121087,0.02304899455048157,False,0.052716966858133395,False,2,3.396024148773405,well constrained,well constrained,well constrained,132,21.0
EDTRPAS1-31,DM,"Mean Age, Model Parm 1",3,31.1975,31.193851470947266,-0.011694940468742488,0.0020509415347534305,2.2695114572299646,0.07556151612661823,False,0.004363919980824062,False,1,0.0020509415347534305,unconstrained,well constrained,well constrained,132,17.8
EDTRPAS1-32,DM,"Mean Age, Model Parm 1",4,32.061,199.9939422607422,523.7919661293852,41.5547723042658,0.4146211900748313,0.05855627036661477,True,0.5403589838185222,True,2,20.7773861521329,well constrained,unconstrained,unconstrained,77,19.1
EDTRPAS1-42,DM,"Mean Age, Model Parm 1",4,30.6951,27.344337463378906,-10.916278287482672,75.49305308557578,0.4868303088936947,0.021479170210659294,False,0.11370647172443622,False,2,37.74652654278789,well constrained,well constrained,well constrained,134,20.9
EDTRPAS1-28,DM,"Mean Age, Model Parm 1",4,30.5696,27.622203826904297,-9.641592212837931,16.524550679320118,0.3655233159195641,0.03493815422989431,False,0.08940145657397797,False,2,8.262275339660059,well constrained,well constrained,well constrained,132,20.8
EDTRPAS1-45,DM,"Mean Age, Model Parm 1",3,20.9116,20.447134017944336,-2.2210925135124238,0.418395561591166,2.739895324525424,0.22269322355277824,False,0.14950933223590257,False,1,0.418395561591166,unconstrained,well constrained,well constrained,137,17.7
EDTRPAS1-49,DM,"Mean Age, Model Parm 1",4,21.5416,27.105087280273438,25.8267133373261,50.19584932815271,1.1579554624855517,0.01977049685083348,False,0.09514961503446086,False,2,25.097924664076356,weakly constrained,well constrained,well constrained,133,21.0
EDTRPAS1-50,DM,"Mean Age, Model Parm 1",3,16.5395,23.581724166870117,42.578216795369364,2.02840599016845,2.735477155982517,0.10927896089851871,False,0.19037765250541272,False,1,2.02840599016845,unconstrained,well constrained,well constrained,136,18.2
EDTRPAS1-41,BMM-DM-DM,"Mean Age, Fraction",4,29.2111,26.58994483947754,-8.973147743571655,3.84015768364239,1.3177445384440942,0.26451974846422655,False,0.37014224948361457,False,2,1.920078841821195,unconstrained,well constrained,well constrained,143,36.1
EDTRPAS1-35,BMM-DM-DM,"Mean Age, Fraction",4,27.9778,30.59899139404297,9.368825976463375,4.93149669218566,1.3259511349024249,0.15583424195647258,False,0.25293987593613537,False,2,2.46574834609283,unconstrained,well constrained,well constrained,138,35.7
EDTRPAS1-29,BMM-DM-DM,"Mean Age, Fraction",4,42.028,45.818382263183594,9.018707202778137,0.5761972517550318,1.804494508053175,0.2682269789744168,False,0.10430942797102047,False,2,0.2880986258775159,unconstrained,well constrained,well constrained,137,35.8
EDTRPAS1-46,BMM-DM-DM,"Mean Age, Fraction",3,35.188,35.43799591064453,0.7104578567822236,0.15478137563575878,1.2412130519980566,0.061231398768722974,False,0.013537558913230736,False,1,0.15478137563575878,unconstrained,well constrained,well constrained,132,28.8
EDTRPAS1-30,BMM-DM-DM,"Mean Age, Fraction",4,30.1719,27.16974449157715,-9.950170550819974,8.054748067974796,2.498614855273627,0.23641236494295315,False,0.4931423958856614,False,2,4.027374033987398,unconstrained,well constrained,well constrained,145,36.3
EDTRPAS1-34,BMM-DM-DM,"Mean Age, Fraction",4,30.3118,30.264606475830078,-0.1556935720409989,0.4139722657970393,1.1483756566653032,0.08742501121014368,False,0.025487084500491503,False,2,0.20698613289851964,unconstrained,well constrained,well constrained,132,34.8
EDTRPAS1-43,BMM-DM-DM,"Mean Age, Fraction",4,32.1157,29.851177215576172,-7.05113942533971,1.209880334610727,1.2505346419988197,0.06735684615559864,False,0.052399094402790024,False,2,0.6049401673053635,unconstrained,well constrained,well constrained,133,34.8
EDTRPAS1-04/EDTRETN1-01,BMM-DM-DM,Fraction,4,35.0,35.0,0.0,40.9686826987227,,,False,,False,3,13.6562275662409,unconstrained,unconstrained,unconstrained,0,20.6
EDTRPAS1-05/EDTRETN1-03,BMM-DM-DM,"Mean Age, Fraction",3,28.2125,28.08865737915039,-0.43896365387543806,2.0952670692413484,1.4098060671938597,0.11499811294488645,False,0.13913540891371695,False,1,2.0952670692413484,unconstrained,well constrained,well constrained,134,32.0
EDTRPAS1-44,BMM-DM-DM,"Mean Age, Fraction",4,18.6068,19.87604331970215,6.821394972279751,0.08183788764035295,1.524743762169965,0.33888749689795117,False,0.042499926360323764,False,2,0.040918943820176475,unconstrained,well constrained,well constrained,138,34.9
SCTXLUSRC1-11,DM,"Mean Age, Model Parm 1",4,17.4647,17.464998245239258,0.001707703191335983,373.88780684780977,0.345130124734715,0.024492696020752304,False,0.5603996980004007,False,2,186.94390342390489,well constrained,well constrained,weakly constrained,142,22.5
SCTXLUSRC1-08,DM,"Mean Age, Model Parm 1",3,15.005,14.992789268493652,-0.08137775079205889,0.3522208681338347,2.874059326131828,0.23736376492306555,False,0.12470311359502344,False,1,0.3522208681338347,unconstrained,well constrained,well constrained,136,18.7
SCTXLUSRC1-10,DM,"Mean Age, Model Parm 1",4,10.5141,10.513895988464355,-0.0019403613779937845,192.26607213351772,1.0584628658369182,0.033113162452355405,False,1.0318714188411828,False,2,96.13303606675886,weakly constrained,well constrained,weakly constrained,152,22.4
SCTXLUSRC1-09,DM,"Mean Age, Model Parm 1",4,5.2445,5.244516372680664,0.0003121876377858481,75.87735107831413,1.872423339774834,0.1745594054460526,False,1.1442840227391577,False,2,37.93867553915707,unconstrained,well constrained,weakly constrained,156,22.5
SCTXLUSRC1-16,DM,"Mean Age, Model Parm 1",4,22.8709,22.874523162841797,0.01584180264789745,0.3247705846620752,0.9002735543064772,0.10321493544615806,False,0.040332405082880864,False,2,0.1623852923310376,weakly constrained,well constrained,well constrained,134,21.6
SCTXLUSRC1-01/EDTRETN1-02,DM,"Mean Age, Model Parm 1",4,10.279,10.28600025177002,0.06810245909154214,45.93291280315404,1.1999828306026754,0.042829302931204086,False,0.6376573351211849,False,2,22.96645640157702,weakly constrained,well constrained,weakly constrained,143,21.9
SCTXLUSRC1-24,DM,"Mean Age, Model Parm 1",4,26.6973,26.697402954101562,0.00038563488279347877,2.5248574396646175,4.521327218040815,0.09492647345177815,False,0.10664923549629819,False,2,1.2624287198323088,unconstrained,well constrained,well constrained,134,21.1
SCTXLUSRC1-25,DM,"Mean Age, Model Parm 1",4,3.0089,3.0077922344207764,-0.036816297624506056,255.56006216611038,1.5994619585108016,0.17530659474432483,False,1.7388450564663491,True,2,127.78003108305519,unconstrained,well constrained,unconstrained,135,21.1
SCTXLUSRC1-27,DM,"Mean Age, Model Parm 1",4,19.303,19.3027286529541,-0.0014057247365656205,0.022017114145369686,1.132943337084726,0.11615089401602678,False,0.0113732066005468,False,2,0.011008557072684843,weakly constrained,well constrained,well constrained,134,21.1
SCTXLUSRC1-23,DM,"Mean Age, Model Parm 1",4,16.2306,16.230125427246094,-0.002923938449011608,1.0398754726677661,1.2732131623197354,0.13728828942403198,False,0.10029218168929219,False,2,0.5199377363338831,weakly constrained,well constrained,well constrained,135,21.7
SCTXSUS1-19/EDTRVFPS1-02,DM,"Mean Age, Model Parm 1",4,18.942,18.942134857177734,0.000711947934400826,0.25118845736228684,1.2673620386980466,0.15212009018287048,False,0.05392365064471979,False,2,0.12559422868114342,weakly constrained,well constrained,well constrained,134,21.0
SCTXSUS1-17,DM,Mean Age,2,22.8417,23.370594024658203,2.3154757511840347,0.06926406652888988,2.949250758928247,0.8593844594899565,False,0.4034098968375475,False,1,0.06926406652888988,unconstrained,weakly constrained,well constrained,155,14.7
SCTXSUS1-16,DM,Mean Age,2,28.1346,28.133533477783203,-0.0037907850717473065,2.94965762723958,2.646924563054926,0.10959151796996583,False,0.17804880165494968,False,1,2.94965762723958,unconstrained,well constrained,well constrained,136,14.7
SCTXSUS1-22,DM,Mean Age,2,21.0556,21.055620193481445,9.590551419572496e-05,3.036165262046307e-11,2.9000000000000004,0.8755757998209434,False,7.518660276967926e-06,False,1,3.036165262046307e-11,unconstrained,weakly constrained,well constrained,149,17.1
SCTXSUS1-15/EDTRVFPS1-01,DM,"Mean Age, Model Parm 1",4,4.4933,4.493258476257324,-0.00092412575780404,153.0298651170916,1.4570765642449257,0.1600956845562907,False,1.2854173029772948,False,2,76.5149325585458,weakly constrained,well constrained,weakly constrained,159,22.8
SCTXSUS1-21/EDTRVFPS1-05,DM,"Mean Age, Model Parm 1",4,31.9249,31.92483139038086,-0.00021490942537507902,2.934159012615619,0.3711365844588724,0.041148971393704326,False,0.04976975475437953,False,2,1.4670795063078095,well constrained,well constrained,well constrained,132,21.7
SCTXSUS1-23,DM,Mean Age,2,19.2774,19.2791805267334,0.009236342729820135,3.0085553301519666e-10,2.9,1.016889879480005,False,2.859169617292501e-05,False,1,3.0085553301519666e-10,unconstrained,weakly constrained,well constrained,151,15.8
SCTXSUS1-18/EDTRVFPS1-03,DM,"Mean Age, Model Parm 1",4,5.9002,5.8973517417907715,-0.04827392646399113,10.17433624412725,2.1487206785473947,0.07525273812934749,False,0.41863967129029345,False,2,5.087168122063625,unconstrained,well constrained,well constrained,139,21.9
SCTXSUS1-20/EDTRVFPS1-04,DM,"Mean Age, Model Parm 1",4,10.9729,10.973184585571289,0.0025935310746461977,0.3956073133173139,1.648853230569512,0.1326004774309694,False,0.0608910764567558,False,2,0.19780365665865696,unconstrained,well constrained,well constrained,134,21.7
SCTXSUS1-24/EDTRVFPS1-09,DM,"Mean Age, Model Parm 1",4,30.6087,30.60761260986328,-0.0035525524988570525,1.2994490649932224,0.4856905667111275,0.05600664140656607,False,0.045258039934560575,False,2,0.6497245324966112,well constrained,well constrained,well constrained,132,21.4
SCTXSUS1-13/EDTRVFPS1-08,BMM-DM-DM,"Fraction, 2nd Mean Age",4,28.0,28.0,0.0,24.735311732479445,,,False,,False,2,12.367655866239723,unconstrained,unconstrained,unconstrained,0,26.4
SCTXSUS1-25/EDTRVFPS1-06,DM,"Mean Age, Model Parm 1",4,25.2213,25.2214412689209,0.0005601175232801299,3.1288491536210348,0.8619422498624765,0.10543821174651369,False,0.1316116348840294,False,2,1.5644245768105174,weakly constrained,well constrained,well constrained,136,21.3
SCTXSUS1-14/EDTRVFPS1-07,BMM-DM-DM,"Fraction, 2nd Mean Age",4,8.0,8.0,0.0,17.846975629531382,,,False,,False,2,8.923487814765691,unconstrained,unconstrained,unconstrained,0,24.4
SCTXSUS1-12/EDTRVFPS1-10,DM,"Mean Age, Model Parm 1",4,15.6702,15.67020034790039,2.2201400822080784e-06,0.26299595298997175,1.7092715675942594,0.19411488226614967,False,0.07018810207955545,False,2,0.13149797649498587,unconstrained,well constrained,well constrained,134,21.2
SCTXSUS1-10/EDTRVFPS1-15,BMM-DM-DM,"Fraction, 2nd Mean Age",4,14.0,14.0,0.0,4.230383057907178,,,False,,False,2,2.115191528953589,unconstrained,unconstrained,unconstrained,0,24.7
SCTXSUS1-09/EDTRVFPS1-14,BMM-DM-DM,"Fraction, 2nd Mean Age",4,10.0,10.0,0.0,4.6272890204632935,,,False,,False,2,2.3136445102316467,unconstrained,unconstrained,unconstrained,0,24.7
SCTXSUS1-08/EDTRVFPS1-13,DM,Mean Age,4,17.1661,17.16592788696289,-0.0010026333128055377,20.933033097726007,0.776949900574983,0.06580869317986066,False,0.2034383475780487,False,2,10.466516548863003,weakly constrained,well constrained,well constrained,135,21.9
SCTXSUS1-07/EDTRVFPS1-16,DM,"Mean Age, Model Parm 1",4,18.0757,18.075475692749023,-0.0012409325834007714,6.108648611946606,1.0589244782458986,0.09385786592029062,False,0.1657263482920827,False,2,3.054324305973303,weakly constrained,well constrained,well constrained,136,22.0
SCTXSUS1-04/EDTRVFPS1-20,BMM-DM-DM,"Fraction, 2nd Mean Age",3,32.0,32.0,0.0,6.217544823372265,,,False,,False,1,6.217544823372265,unconstrained,unconstrained,unconstrained,0,21.5
SCTXSUS1-26/EDTRVFPS1-21,DM,"Mean Age, Model Parm 1",4,15.2349,15.220547676086426,-0.09420687968791316,9.956898776038013,1.1251526724547152,0.2665673490148042,False,0.42225828967057233,False,2,4.978449388019007,weakly constrained,well constrained,well constrained,144,21.5
SCTXSUS1-06/EDTRVFPS1-22,DM,"Mean Age, Model Parm 1",3,16.0381,16.03233528137207,-0.03594390001265555,0.07355561800051444,2.839851524005644,0.2728369647171349,False,0.08243265976198001,False,1,0.07355561800051444,unconstrained,well constrained,well constrained,137,18.1
SCTXSUS1-11/EDTRVFPS1-24,DM,"Mean Age, Model Parm 1",4,23.555,23.555004119873047,1.749043959736454e-05,3.3068643884525426,1.0168179006315765,0.12066676463000478,False,0.15507952235639072,False,2,1.6534321942262713,weakly constrained,well constrained,well constrained,136,21.3
SCTXSUS1-03,DM,Mean Age,2,26.7913,26.789566040039062,-0.006472100872063582,1.1009934673292714,2.7989350472809744,0.2032995316199959,False,0.2149010127875954,False,1,1.1009934673292714,unconstrained,well constrained,well constrained,138,15.0
SCTXSUS1-05/EDTRVFPS1-23,DM,"Mean Age, Model Parm 1",4,17.7264,17.726598739624023,0.00112115051009639,3.3492288592450854,1.0309258687775589,0.08091496704146257,False,0.10550619373097989,False,2,1.6746144296225427,weakly constrained,well constrained,well constrained,133,21.4
EDTRVFPS1-11,BMM-DM-DM,"Fraction, 2nd Mean Age",3,14.0,14.0,0.0,8.998114865348466,,,False,,False,1,8.998114865348466,unconstrained,unconstrained,unconstrained,0,21.8
EDTRVFPS1-12,BMM-DM-DM,"Fraction, 2nd Mean Age",4,10.0,10.0,0.0,61.97635495496125,,,False,,False,2,30.988177477480626,unconstrained,unconstrained,unconstrained,0,26.0
EDTRVFPS1-18,BMM-DM-DM,"Fraction, 2nd Mean Age",4,12.0,12.0,0.0,55.17846791769518,,,False,,False,2,27.58923395884759,unconstrained,unconstrained,unconstrained,0,25.2
EDTRVFPS1-17,DM,"Mean Age, Model Parm 1",4,19.9248,19.924734115600586,-0.00033066529859892776,9.662388183692228,1.2497634526342154,0.1432182823773474,False,0.31723101167008255,False,2,4.831194091846114,weakly constrained,well constrained,well constrained,139,21.9
EDTRVFPS1-19,DM,"Mean Age, Model Parm 1",4,24.31,24.311668395996094,0.006863002863410239,0.9436898964577872,0.8517707242630417,0.1055053867865358,False,0.07249451526440696,False,2,0.4718449482288936,weakly constrained,well constrained,well constrained,134,21.2
SCTXSUS1-02/EDTRVFPS1-25,DM,Mean Age,2,16.1765,16.182464599609375,0.0368720032724893,6.917558013227786e-10,2.9,5.726400420675067,False,6.682956591244121e-05,False,1,6.917558013227786e-10,unconstrained,unconstrained,well constrained,246,16.8
