SampleID,Network,AgeCat,LPM,free_params,n_active,n_free,dof,chi2,tau1,tau1_profile_lo,tau1_profile_hi,w_tau1,lambda_min,lambda_max,cond_number,singular,hessian_pos_def,profile_hit_bound,max_abs_corr,strong_corr,sloppy_direction,sloppy_loading,identifiability,lambda_min_scaled,lambda_max_scaled,cond_number_scaled,sloppy_direction_scaled,sloppy_loading_scaled,gradient_check,singular_scaled,identifiability_scaled,bound_active,bound_active_params,projected_grad_norm,identifiability_final,Aq_class,Aq_seg,Well_class,identifiability_final_before_nonconv_check,not_assessable_reason,w_tau1_cond,w_tau1_true,tau1_lo_true,tau1_hi_true,true_hit_bound,cls_true
EDTRPAS1-37,EDTRPAS1,Modern,DM,"Mean Age, Model Parm 1",3,2,1,0.0483,22.6662,9.066480000527733,36.38427925120553,1.205221839156003,0.0066816189736308,91.96859135223178,13764.417234084713,False,True,False,0.3921911706885408,False,tau1,0.999993395921954,weakly constrained,0.0144033863711255,4.059486696941795,281.8425189981595,pd1,0.9996753960620782,2.6037137984981864e-05,False,weakly constrained,False,,0.0013804559734896,weakly constrained,confined,San Antonio,PSW,weakly constrained,,1.1589411824475986,2.580362116149627,9.511596202929322,67.9986,True,unconstrained
EDTRPAS1-33,EDTRPAS1,Modern,DM,"Mean Age, Model Parm 1",4,2,2,0.0134,31.2915,21.90405000072856,36.67432975788272,0.4720221068710085,0.0318212037695802,636.8838848347054,20014.449781549112,False,True,False,0.4986705310932677,False,tau1,0.9999917305540204,well constrained,0.0135427356382848,41.47694648799957,3062.671205863723,pd1,0.9999463366939838,3.028283813362317e-05,False,well constrained,False,,0.0194284228806607,well constrained,confined,San Antonio,PSW,well constrained,,0.4222996901720759,0.4400883227121087,23.39152240825927,37.16254615840522,False,well constrained
EDTRPAS1-31,EDTRPAS1,Modern,DM,"Mean Age, Model Parm 1",3,2,1,0.0,31.1975,21.83825000072636,41.57339286801877,0.6325873184483504,0.0193447357043827,184.85887934658672,9556.03023848527,False,False,False,,False,tau1,0.9999960161842204,weakly constrained,0.0013371924445122,20.261947707874004,15152.604093021682,pd1,0.9999974698981998,2.657681271272121e-05,False,weakly constrained,False,,0.0034168074347755,weakly constrained,confined,San Antonio,PSW,weakly constrained,,0.6020987145602708,2.2695114572299646,22.789416313068173,93.5925,True,unconstrained
EDTRPAS1-32,EDTRPAS1,Modern,DM,"Mean Age, Model Parm 1",4,2,2,0.077,32.061,25.648799999253523,37.771097183041576,0.3781010319013148,-0.0320054413736691,516.2064414778711,16128.70872334084,True,False,False,,False,tau1,0.99992998513041,unconstrained,6.140156829182244e-05,41.40113201281602,674268.3153636955,pd1,0.999967664551381,0.0001587188963604,False,well constrained,True,pd1,0.0002012646291404,well constrained,confined,San Antonio,PSW,well constrained,,0.4130006487015634,0.4146211900748313,24.524645804940565,37.81781577992973,False,well constrained
EDTRPAS1-36,EDTRPAS1,Modern,DM,"Mean Age, Model Parm 1",4,2,2,0.045,29.5683,22.176224999311568,35.37833976788539,0.4464955634437497,0.0287830887283914,649.8567648919378,22577.72857611784,False,True,False,0.3892896397819285,False,tau1,0.9999960440554309,well constrained,0.0071746631132153,29.657975082812463,4133.70978048906,pd1,0.999978469656152,9.8248301505171e-05,False,well constrained,False,,0.0081550911150472,well constrained,confined,San Antonio,PSW,well constrained,,0.4841400400269772,0.491082298010587,20.96310329419209,35.48357200645854,False,well constrained
EDTRPAS1-46,EDTRPAS1,Mixed,BMM-DM-DM,"Mean Age, Fraction",3,2,1,0.0014,35.188,26.39100000081929,41.89246177667502,0.4405326183885338,0.0265519169551711,103.17768496485226,3885.884591272707,False,True,False,0.153072160139344,False,tau1,0.9999969111519892,well constrained,4.915342501392497,33.803722708560755,6.877185607917311,f1,0.9975975294300816,3.212058876832859e-05,False,well constrained,False,,0.0046180775124203,well constrained,confined,San Antonio,PSW,well constrained,,0.4074348025955262,1.2412130519980566,3.5188000000000006,47.19460487370762,True,unconstrained
EDTRPAS1-04/EDTRETN1-01,EDTRPAS1/EDTRETN1,Modern,BMM-DM-DM,Fraction,4,1,3,1.017,35.0,,,,8.011350631713867,8.011350631713867,1.0,False,True,False,,False,f1,1.0,unconstrained,3.029041969981885,3.029041969981885,1.0,f1,1.0,2.1724774669591723e-05,False,unconstrained,False,,0.0001070201396942,unconstrained,confined,San Antonio,PSW,unconstrained,,,,,,False,unconstrained
EDTRPAS1-29,EDTRPAS1,Mixed,BMM-DM-DM,"Mean Age, Fraction",4,2,2,0.9536,42.028,4.2028,47.3621807091222,1.026919689471833,0.0047879134843426,162.49922128863835,33939.46482534403,False,True,False,0.9509626520376304,True,tau1,0.9998606860960106,weakly constrained,0.2797945126832069,91.16532070105256,325.8295519336118,f1,0.984776427413505,5.412524131534621e-05,False,weakly constrained,False,,0.006936047096934,weakly constrained,confined,San Antonio,PSW,weakly constrained,,1.026919689471833,1.804494508053175,4.2028,80.04209518445883,True,unconstrained
EDTRPAS1-28,EDTRPAS1,Modern,DM,"Mean Age, Model Parm 1",4,2,2,0.0671,30.5696,22.927200000711743,35.245134354191066,0.402947187842802,0.0475131495250796,10548.358697910016,222009.25014120783,False,True,False,0.0791420144610367,False,tau1,0.9999999858047172,well constrained,0.0132087870050124,44.67985040771523,3382.585425199176,pd1,0.999999104822516,2.821600163223116e-05,False,well constrained,False,,0.4774931385930533,well constrained,confined,San Antonio,PSW,well constrained,,0.3649471730459487,0.3655233159195641,24.088166236916543,35.262067795251255,False,well constrained
EDTRPAS1-49,EDTRPAS1,Modern,DM,"Mean Age, Model Parm 1",4,2,2,0.2223,21.5416,10.770799999498449,26.4349088666944,0.7271562403533605,0.0091156205801013,217.81984936905224,23895.229891921528,False,True,False,0.8529728803701032,True,tau1,0.9999441066560312,weakly constrained,0.168351401386785,15.996890412353848,95.02083309423254,pd1,0.98513488360653,9.525539582707149e-05,False,weakly constrained,False,,0.0064486812834009,weakly constrained,unconfined,San Antonio,PSW,weakly constrained,,0.7735238983761515,1.1579554624855517,9.052164554455413,33.99637794513417,False,weakly constrained
EDTRPAS1-50,EDTRPAS1,Modern,DM,"Mean Age, Model Parm 1",3,2,1,0.005,16.5395,4.961849999614901,40.37495231654702,2.141122906794771,-230.5560185177729,0.0142081747309197,6.162569436383843e-05,True,False,False,,False,pd1,0.9999939039638364,unconstrained,0.0008223622699973,3.117634225021757,3791.071573641008,pd1,0.9999908739918114,0.0003589671436794,False,unconstrained,True,pd1,8.74095712788403e-06,unconstrained,confined,San Antonio,PSW,unconstrained,,2.175219384301453,2.735477155982517,4.375075578627157,49.6185,True,unconstrained
EDTRPAS1-42,EDTRPAS1,Modern,DM,"Mean Age, Model Parm 1",4,2,2,0.0571,30.6951,23.02132499928532,36.142839431915206,0.4274791231378912,0.0282936877967236,484.2878360637067,17116.462143184697,False,True,False,0.4599711792396729,False,tau1,0.999992160016597,well constrained,0.0220370256201453,33.81787993655543,1534.5936661089356,pd1,0.9999123812880584,6.692238850266017e-06,False,well constrained,False,,0.0017058334112311,well constrained,confined,San Antonio,PSW,well constrained,,0.4529727595392613,0.4868303088936947,22.12641429944678,37.06971931396963,False,well constrained
EDTRPAS1-45,EDTRPAS1,Modern,DM,"Mean Age, Model Parm 1",3,2,1,0.0044,20.9116,6.273479999513115,51.69335746795434,2.1719943700358284,0.0045200534817396,6.023225191077161,1332.556177799688,False,True,False,0.1450064789746224,False,tau1,0.9999919285973712,unconstrained,0.0886573924541153,2.021098734210785,22.79673108203364,pd1,0.9994838714246308,1.733712745524891e-05,False,unconstrained,False,,0.0002305251341851,unconstrained,unconfined,San Antonio,PSW,unconstrained,,2.211173170991243,2.739895324525424,5.439204931654156,62.7348,True,unconstrained
SCTXLUSRC1-11,SCTXLUSRC1,Modern,DM,"Mean Age, Model Parm 1",4,2,2,3.7389,17.4647,14.84499499959337,19.611210823019825,0.2729056796524678,-71394.18169797513,0.4823222562996159,6.755764192942567e-06,True,False,False,,False,pd1,0.9999997123525852,unconstrained,0.0295011648208154,134.5906830828427,4562.21589555264,pd1,0.9999752997605852,0.0007995479234691,False,well constrained,True,pd1,0.0002257656306028,well constrained,unconfined,San Antonio,MW (urban),well constrained,,0.3141766501590611,0.345130124734715,14.03720712673128,20.064801216185657,False,well constrained
SCTXLUSRC1-08,SCTXLUSRC1,Modern,DM,"Mean Age, Model Parm 1",3,2,1,0.0035,15.005,1.500500000349366,42.22213554401013,2.7138710792176446,-0.0428384521124958,2.551581463505149,59.562877220786895,True,False,False,,False,tau1,0.9891983734923488,unconstrained,9.460271405692416e-05,2.9058485632953683,30716.33401074378,pd1,0.9999938864910424,6.464913547165939e-05,False,unconstrained,True,pd1,9.518764272797853e-06,unconstrained,unconfined,San Antonio,MW (urban),unconstrained,,2.687928887922319,2.874059326131828,1.8897398113919224,45.015,True,unconstrained
SCTXLUSRC1-10,SCTXLUSRC1,Modern,DM,"Mean Age, Model Parm 1",4,2,2,1.9227,10.5141,6.308459999755196,17.051024437136512,1.0217293384484945,-64472.23315997695,0.6815915283984237,1.0571861637042564e-05,True,False,False,,False,pd1,0.9999999488352812,unconstrained,-0.00139614461281,74.61811829765125,53445.83763960205,pd1,0.9999957775054348,0.0008537950809694,True,unconstrained,True,pd1,5.763396620750427e-05,weakly constrained,unconfined,San Antonio,MW (urban),weakly constrained,,1.0526512132026251,1.0584626844618463,5.92224192643621,17.051024437136512,False,weakly constrained
EDTRPAS1-30,EDTRPAS1,Mixed,BMM-DM-DM,"Mean Age, Fraction",4,2,2,0.3256,30.1719,16.594545000702496,37.753427505165774,0.7012777619063857,0.0098942732788046,8.053931302356032,813.9992777043078,False,True,False,0.0025829219457277,False,tau1,0.9999999958920538,weakly constrained,4.424310015701008,9.0073141850848,2.0358686785328355,f1,0.9999936707044852,2.792256704172663e-05,False,weakly constrained,False,,0.0003778935444122,weakly constrained,confined,San Antonio,PSW,weakly constrained,,0.6755892402026804,2.498614855273627,3.0171900000000003,78.40514755183034,True,unconstrained
EDTRPAS1-05/EDTRETN1-03,EDTRPAS1/EDTRETN1,Mixed,BMM-DM-DM,"Mean Age, Fraction",3,2,1,0.015,28.2125,16.927500000656877,38.500204085800526,0.764650565711782,0.0111111604103678,12.063599482508575,1085.7191361625971,False,True,False,0.4881834281256602,False,tau1,0.9998555875542996,weakly constrained,3.403824254773596,13.345322023408258,3.920684801717507,f1,0.9087776728335436,1.716100407252335e-05,False,weakly constrained,False,,0.0003037497771697,weakly constrained,confined,San Antonio,PSW,weakly constrained,,0.734214495355264,1.4098060671938597,2.82125,42.59540367070676,True,unconstrained
EDTRPAS1-34,EDTRPAS1,Mixed,BMM-DM-DM,"Mean Age, Fraction",4,2,2,0.0039,30.3118,22.73384999929425,35.74197196997653,0.4291438308078795,0.0321295473550925,10.229701173695409,318.3892091798793,False,True,False,0.1324097393326031,False,tau1,0.999971796950036,well constrained,4.43465824771654,30.142363816357943,6.79699812987362,f1,0.9981871547654972,4.3972927763459e-06,False,well constrained,False,,0.000186942289612,well constrained,confined,San Antonio,PSW,well constrained,,0.4642363479826599,1.1483756566653032,3.0311800000000004,37.84051322970734,True,unconstrained
EDTRPAS1-43,EDTRPAS1,Mixed,BMM-DM-DM,"Mean Age, Fraction",4,2,2,0.1033,32.1157,20.87520500074774,37.55888557468715,0.5194867486599829,0.0256673506006546,7.893215932090586,307.51969904869213,False,True,False,0.1268038738510047,False,tau1,0.999973253942616,weakly constrained,4.542713291712277,26.997403698415265,5.943012901049536,f1,0.998002568932594,2.099421170021255e-06,False,weakly constrained,False,,3.53212767081897e-05,weakly constrained,confined,San Antonio,PSW,weakly constrained,,0.4719422118738289,1.2505346419988197,3.21157,43.373365402041486,True,unconstrained
EDTRPAS1-35,EDTRPAS1,Mixed,BMM-DM-DM,"Mean Age, Fraction",4,2,2,0.1717,27.9778,13.988900000651396,35.26371955852801,0.7604178869631142,0.0114948465379226,5.382324471615042,468.2380450977074,False,True,False,0.1885455724617288,False,tau1,0.9999604673431122,weakly constrained,3.973150488374458,9.592260312371335,2.414270574557531,f1,0.9763872351799602,1.1699985517842478e-05,False,weakly constrained,False,,0.0001309575580582,weakly constrained,confined,San Antonio,PSW,weakly constrained,,0.7333820701111108,1.3259511349024249,2.79778,39.894975662073065,True,unconstrained
SCTXLUSRC1-09,SCTXLUSRC1,Modern,DM,"Mean Age, Model Parm 1",4,2,2,0.7588,5.2445,1.0488999998778934,9.35016679759514,1.5828519015572975,0.0965247625020959,0.4872057190629027,5.047468716147565,False,True,False,0.0991376832182816,False,tau1,0.9984649927404275,unconstrained,0.0146382060463476,2.6879915076544227,183.6284787318656,pd1,0.9999726784557053,4.08631962587709e-06,False,unconstrained,False,,1.2775178589265425e-05,unconstrained,unconfined,San Antonio,MW (urban),unconstrained,,1.6158472504001118,1.872423339774834,0.8295704424498502,10.649494647898967,False,unconstrained
EDTRPAS1-44,EDTRPAS1,Mixed,BMM-DM-DM,"Mean Age, Fraction",4,2,2,0.0046,18.6068,7.44271999956678,30.10403919222184,1.217905238550157,0.0053349637505381,10.774884874272647,2019.673493223976,False,True,False,0.6927142441840782,False,tau1,0.9997712559148608,weakly constrained,1.1665384044040117,6.471381865029997,5.547508629461924,tau1,0.7417347829229112,5.411387511836803e-05,False,weakly constrained,False,,0.0004740650716166,weakly constrained,confined,San Antonio,PSW,weakly constrained,,1.2443679897580302,1.524743762169965,1.86068,30.231282233944107,True,unconstrained
SCTXLUSRC1-16,SCTXLUSRC1,Modern,DM,"Mean Age, Model Parm 1",4,2,2,0.0032,22.8709,12.578994999467495,30.89942073842568,0.8010365022346381,0.0154443572322611,25.922283081053685,1678.4306845030485,False,True,False,0.2111125280749434,False,tau1,0.9999860868542844,weakly constrained,0.0022491649681235,8.455428510278805,3759.36342158706,pd1,0.9999938309353328,4.26168288192581e-05,False,weakly constrained,False,,0.0014779868481951,weakly constrained,unconfined,San Antonio,MW (urban),weakly constrained,,0.8480213469825687,0.9002735543064772,11.429405689501555,32.019472122689564,False,weakly constrained
SCTXLUSRC1-24,SCTXLUSRC1,Modern,DM,"Mean Age, Model Parm 1",4,2,2,0.0252,26.6973,16.01838000062159,31.5495576858324,0.5817508768755943,0.0124602988091972,338.6522635482522,27178.50259724787,False,True,False,0.8789000573111726,True,tau1,0.9999375294406806,weakly constrained,0.2624471001869917,39.95404064475476,152.23654830359257,pd1,0.988344862191878,5.545507104067143e-05,False,weakly constrained,False,,0.0071569079880931,weakly constrained,unconfined,San Antonio,MW (urban),weakly constrained,,0.540168751543388,4.521327218040815,15.700401782734112,136.40763092093516,False,unconstrained
EDTRPAS1-41,EDTRPAS1,Mixed,BMM-DM-DM,"Mean Age, Fraction",4,2,2,0.1641,29.2111,16.066105000680125,35.996412277561554,0.6822854078374806,0.0146264342062944,5.916031340935005,404.4752984557965,False,True,False,0.0612928483694512,False,tau1,0.9999953152215848,weakly constrained,4.286915635859194,12.552384730522334,2.9280689886976408,f1,0.9985093154700304,3.5741905385065005e-06,False,weakly constrained,False,,5.328851197151243e-05,weakly constrained,confined,San Antonio,PSW,weakly constrained,,0.6551904257852589,1.3177445384440942,2.92111,41.41387748694428,True,unconstrained
SCTXLUSRC1-01/EDTRETN1-02,SCTXLUSRC1,Modern,DM,"Mean Age, Model Parm 1",4,2,2,0.4605,10.279,2.569749999760673,13.66323900237602,1.0792381557170294,-6.445945536464063,1398.7078226858075,216.9903258991964,True,False,False,,False,tau1,0.997554024180214,unconstrained,0.0179739517236852,44.32757189111496,2466.211803200856,pd1,0.9997415193482728,0.001098061491747,False,weakly constrained,True,pd1,0.0027741596568375,weakly constrained,unconfined,San Antonio,MW (urban),weakly constrained,,1.1274915155023333,1.1999828306026754,1.865077316596196,14.199700832361096,False,weakly constrained
SCTXSUS1-16,SCTXSUS1,Modern,DM,Mean Age,2,2,1,0.0295,28.1346,11.253839999344944,42.45194435164838,1.108887432282792,0.0006078481028416,3405.1320132977044,5601945.613351095,False,True,False,0.9605816441902888,True,tau1,0.999998934337426,weakly constrained,0.0063321137869527,6.228945309928452,983.7071031103636,pd1,0.9997472468119424,0.0009748304588725,False,weakly constrained,True,pd1,4.373869160190225e-07,weakly constrained,confined,San Antonio,Domestic,weakly constrained,,1.1558119953144352,2.646924563054926,9.933636188274868,84.40379999999999,True,unconstrained
SCTXLUSRC1-23,SCTXLUSCR1,Modern,DM,"Mean Age, Model Parm 1",4,2,2,0.0104,16.2306,5.680710000377902,25.966324806549064,1.249837640393526,0.0111510929766703,350.6180289677229,31442.48099278392,False,True,False,0.5145299841410165,False,tau1,0.9999942737755624,weakly constrained,0.0007794084865049,3.995545922311398,5126.382367516169,pd1,0.9999883801110924,0.0001348739551368,False,weakly constrained,True,pd1,8.332193829119205e-06,weakly constrained,unconfined,San Antonio,MW (urban),weakly constrained,,1.2161300496663905,1.2732131623197354,5.301311254202369,25.966324806549064,False,weakly constrained
SCTXLUSRC1-27,SCTXLUSRC1,Modern,DM,"Mean Age, Model Parm 1",4,2,2,0.0002,19.303,7.721200000449434,29.04783916455153,1.10483547449112,0.0186555998858905,8.934391286364486,478.9120339744021,False,True,False,0.2765202811091458,False,tau1,0.99991317905153,weakly constrained,0.0002534266592289,7.527915165270916,29704.511704388977,pd1,0.999998627536109,1.50539245198475e-05,False,weakly constrained,False,,0.000703847336655,weakly constrained,unconfined,San Antonio,MW (urban),weakly constrained,,1.0601153727155188,1.132943337084726,7.7747585776844765,29.643963813430943,False,weakly constrained
SCTXLUSRC1-25,SCTXLUSRC1,Modern,DM,"Mean Age, Model Parm 1",4,2,2,2.5557,3.0089,0.7522250000700572,5.440829515515102,1.558245377196,-0.0468024354202377,0.4203250001890289,8.9808360700665,True,False,False,,False,pd1,0.9964200550077988,unconstrained,0.0001011363322892,3.776151955806208,37337.24439409472,pd1,0.9999999867076887,0.0002594494876087,False,unconstrained,True,pd1,0.0003237393102608,unconstrained,unconfined,San Antonio,MW (urban),unconstrained,,1.5291541309095928,1.5994619585108016,0.8027584850169982,5.615379571980149,False,unconstrained
SCTXSUS1-17,SCTXSUS1,Modern,DM,Mean Age,2,2,1,0.0008,22.8417,2.284169999468169,45.18441200303984,1.878154515800999,-0.0001036447641622,49.37359116223465,476373.2308268458,True,False,False,,False,tau1,0.9999922860956656,unconstrained,6.692171697264725e-05,0.3437103969443867,5136.006852377543,pd1,0.9996674025386472,0.0004806440595911,False,unconstrained,True,pd1,5.819587386213243e-06,unconstrained,unconfined,San Antonio,Domestic,unconstrained,,1.927014846354724,2.949250758928247,1.1591989397886593,68.5251,True,unconstrained
SCTXSUS1-22,SCTXSUS1,Modern,DM,Mean Age,2,2,1,0.0,21.0556,2.10556,43.07285118062072,1.9456719913287075,0.0001236355683902,10.513228263843256,85034.0108491963,False,False,False,,False,tau1,0.9999980569281328,unconstrained,0.0245681853272472,0.0876131300585766,3.56612134317506,pd1,0.8756336234454177,0.0003533187880727,False,unconstrained,False,,0.0004333192119417,unconstrained,unconfined,San Antonio,Domestic,unconstrained,,1.9456719913287075,2.9000000000000004,2.10556,63.1668,True,unconstrained
SCTXSUS1-13/EDTRVFPS1-08,SCTXSUS1/EDTRVFPS1,Mixed,BMM-DM-DM,"Fraction, 2nd Mean Age",4,2,2,0.2474,28.0,,,,6.309335575870926e-10,11.745302200401635,18615751308.77445,True,True,False,0.3432333812854394,False,tau2,0.9999999999964132,unconstrained,0.0435734764023662,4.782668999250996,109.76101505160769,tau2,0.99935707569314,0.0003323351404564,False,unconstrained,False,,0.0003409982234962,unconstrained,unconfined,San Antonio,Domestic,unconstrained,,,,,,False,unconstrained
SCTXSUS1-14/EDTRVFPS1-07,SCTXSUS1/EDTRVFPS1,Mixed,BMM-DM-DM,"Fraction, 2nd Mean Age",4,2,2,0.1785,8.0,,,,1.0031153872133308e-07,25.77565956115724,256956077.93199545,True,True,False,0.0003761508260221,False,tau2,0.9999999999999998,unconstrained,0.0081550673258424,4.70600199392309,577.0647630351621,tau2,0.999999999877602,5.403079528110103e-05,False,unconstrained,False,,0.0005950927734375,unconstrained,unconfined,San Antonio,Domestic,unconstrained,,,,,,False,unconstrained
SCTXSUS1-19/EDTRVFPS1-02,SCTXSUS1/EDTRVFPS1,Modern,DM,"Mean Age, Model Parm 1",4,2,2,0.0025,18.942,8.52389999955897,24.20529842363004,0.8278639227151868,0.0096257417366688,80.87221412408195,8401.660499159501,False,True,False,0.7992365146677888,False,tau1,0.99989470681983,weakly constrained,0.0877464338768184,9.722982063997566,110.80771758368016,pd1,0.9917242910441816,9.882438373832236e-05,False,weakly constrained,False,,0.0035214784790116,weakly constrained,confined,San Antonio,Domestic,weakly constrained,,0.8698593863751738,1.2673620386980466,6.797101735955426,30.803473472973828,False,weakly constrained
SCTXSUS1-10/EDTRVFPS1-15,SCTXSUS1/EDTRVFPS1,Mixed,BMM-DM-DM,"Fraction, 2nd Mean Age",4,2,2,0.0423,14.0,,,,0.0377309460126892,38.65066098161702,1024.3756138162682,False,True,False,0.0984357106719552,False,tau2,0.9999952148201426,unconstrained,2.913558948133383,245.3832509438442,84.22113824093135,f1,0.999940505792237,1.4984138910523483e-06,False,unconstrained,False,,0.0011514448399455,unconstrained,confined,San Antonio,PSW,unconstrained,,,,,,False,unconstrained
SCTXSUS1-09/EDTRVFPS1-14,SCTXSUS1/EDTRVFPS1,Mixed,BMM-DM-DM,"Fraction, 2nd Mean Age",4,2,2,0.0463,10.0,,,,3.3531885434384864e-08,17.287937164306648,515567106.9596029,True,True,False,0.0004959713195286,False,tau2,0.9999999999999998,unconstrained,0.0027278316800395,4.558914276102261,1671.2593777179973,tau2,0.9999999999261168,8.601603799490822e-05,False,unconstrained,False,,0.0007635951042175,unconstrained,confined,San Antonio,PSW,unconstrained,,,,,,False,unconstrained
SCTXSUS1-04/EDTRVFPS1-20,SCTXSUS1/EDTRVFPS1,Mixed,BMM-DM-DM,"Fraction, 2nd Mean Age",3,2,1,0.0622,32.0,,,,2.737387698701477e-09,83.92817688017897,30659952523.34611,True,True,False,0.3124533176503928,False,tau2,0.9999999999982356,unconstrained,0.4601527753349824,4.350502702006715,9.454474546719036,tau2,0.9927128189054256,6.807760566514235e-05,False,unconstrained,False,,0.0013090372085594,unconstrained,confined,San Antonio,PSW,unconstrained,,,,,,False,unconstrained
SCTXSUS1-23,SCTXSUS1,Modern,DM,Mean Age,2,2,1,0.0,19.2774,1.92774,57.8322,2.9,0.0001128396423317,5.33723817130993,47299.31840459872,False,False,False,,False,tau1,0.9999970648205893,unconstrained,0.0311566056059116,0.0872421792784067,2.800118227957844,tau1,0.7749118267743708,0.0002577261631987,False,unconstrained,False,,0.0001822629198855,unconstrained,confined,San Antonio,Domestic,unconstrained,,2.9,2.9,1.92774,57.8322,True,unconstrained
SCTXSUS1-15/EDTRVFPS1-01,SCTXSUS1/EDTRVFPS1,Modern,DM,"Mean Age, Model Parm 1",4,2,2,1.5303,4.4933,1.1233250001046189,7.248471975368633,1.36317338598892,0.1586747913714022,67.16331757613463,423.2765456670984,False,True,False,0.3784518381374713,False,tau1,0.9998014953495278,weakly constrained,0.0145836360941732,3.743384488241765,256.6838931024482,pd1,0.9996727293803532,8.582326104014289e-05,False,weakly constrained,False,,0.0032118939759977,weakly constrained,unconfined,San Antonio,Domestic,weakly constrained,,1.334054689249023,1.4570765642449257,1.1865001321268305,7.733582258248553,False,weakly constrained
SCTXSUS1-20/EDTRVFPS1-04,SCTXSUS1/EDTRVFPS1,Modern,DM,"Mean Age, Model Parm 1",4,2,2,0.004,10.9729,2.743224999744517,19.908074378762443,1.564294705959038,0.0275217641747124,1488.3442405785763,54078.80945168827,False,True,False,0.4190256772771027,False,tau1,0.9999980307692496,unconstrained,0.0022315397784466,4.0196632142963225,1801.2957927617103,pd1,0.9999674563418076,0.0002515775716855,False,unconstrained,True,pd1,1.0516290785744786e-05,unconstrained,unconfined,San Antonio,Domestic,unconstrained,,1.6099594195373366,1.6488533175084743,1.9522565004999577,20.044959068188696,False,unconstrained
SCTXSUS1-21/EDTRVFPS1-05,SCTXSUS1/EDTRVFPS1,Modern,DM,"Mean Age, Model Parm 1",4,2,2,0.0293,31.9249,23.943675000743312,36.76384544310393,0.4015727674122901,0.045811882814439,3554.940961760828,77598.6653104853,False,True,False,0.0790303347761818,False,tau1,0.9999999595019408,well constrained,0.0056394494711775,46.98511038294274,8331.506581108144,pd1,0.9999997636634648,4.502246043230327e-05,False,well constrained,True,pd1,5.990208592265844e-06,well constrained,confined,San Antonio,Domestic,well constrained,,0.370449578296393,0.3711365247145292,24.93727970094941,36.78577613880829,False,well constrained
SCTXSUS1-18/EDTRVFPS1-03,SCTXSUS1/EDTRVFPS1,Modern,DM,"Mean Age, Model Parm 1",4,2,2,0.1023,5.9002,1.180039999862628,13.306169033127476,2.055206439318133,-7334.937294400545,0.4837438531845375,6.595064603399203e-05,True,False,False,,False,pd1,0.9999950216375127,unconstrained,0.0008536636672033,14.292398543754896,16742.42338388086,pd1,0.9999447475326926,0.0009253154661221,False,unconstrained,True,pd1,0.0011643476318567,unconstrained,unconfined,San Antonio,Domestic,unconstrained,,2.082310469727961,2.1487206886522445,0.9866742192822952,13.664556026468269,False,unconstrained
EDTRVFPS1-11,EDTRVFPS1,Mixed,BMM-DM-DM,"Fraction, 2nd Mean Age",3,2,1,0.09,14.0,,,,1.6567097453038245e-08,22.08509445193837,1333069628.7953677,True,True,False,0.0453049046287611,False,tau2,0.9999999999992286,unconstrained,0.0099545274810592,3.827282542771458,384.4765660704382,tau2,0.9999973113264464,5.500147933948839e-05,False,unconstrained,False,,0.0005056858062754,unconstrained,confined,San Antonio,PSW,unconstrained,,,,,,False,unconstrained
SCTXSUS1-06/EDTRVFPS1-22,SCTXSUS1/EDTRVFPS1,Modern,DM,"Mean Age, Model Parm 1",3,2,1,0.0007,16.0381,3.207619999626589,38.56287956213765,2.2044543656986217,0.0033761380945146,3.6194245930056272,1072.0605886608218,False,True,False,0.6690387888894364,False,tau1,0.9996210070116752,unconstrained,0.0011609233965467,1.5739891663838468,1355.807946558586,pd1,0.9997081886880814,0.000145567233182,False,unconstrained,False,,0.0012644916400045,unconstrained,unconfined,San Antonio,PSW,unconstrained,,2.2441609187517324,2.839851524005644,2.568477272845086,48.1143,True,unconstrained
EDTRVFPS1-18,EDTRVFPS1,Mixed,BMM-DM-DM,"Fraction, 2nd Mean Age",4,2,2,0.5518,12.0,,,,1.0227726118534956e-08,19.00666236878085,1858346825.922184,True,True,False,0.0250842578790692,False,tau2,0.9999999999998306,unconstrained,0.0016290317439628,3.7522351998589625,2303.35302781214,tau2,0.9999998632129452,7.24142421352116e-05,False,unconstrained,False,,0.0006115138530731,unconstrained,confined,San Antonio,PSW,unconstrained,,,,,,False,unconstrained
SCTXSUS1-12/EDTRVFPS1-10,SCTXSUS1/EDTRVFPS1,Modern,DM,"Mean Age, Model Parm 1",4,2,2,0.0026,15.6702,5.484569999635153,20.09044551828751,0.9320797129999846,0.0087078121323959,57.63070710181995,6618.2763506592655,False,True,False,0.9145045586895189,True,tau1,0.9996135009301912,weakly constrained,0.1572584319561351,13.94165672871014,88.65443051472724,pd1,0.9679722375938072,5.620079703280876e-05,False,weakly constrained,False,,0.0017206435195092,weakly constrained,unconfined,San Antonio,Domestic,weakly constrained,,0.9636297245509922,1.7092715828213834,3.879826903053688,30.66445446018133,False,unconstrained
SCTXSUS1-24/EDTRVFPS1-09,SCTXSUS1/EDTRVFPS1,Modern,DM,"Mean Age, Model Parm 1",4,2,2,0.013,30.6087,22.95652499928733,36.472620011048,0.4415769049897795,0.026803031640586,720.7786778881377,26891.68477481893,False,True,False,0.4250877989514421,False,tau1,0.99999589887506,well constrained,0.0090694283225336,30.653295041511445,3379.848646617677,pd1,0.9999676684225296,3.4575652040848005e-05,False,well constrained,False,,0.0225628021453614,well constrained,unconfined,San Antonio,Domestic,well constrained,,0.4767283269204203,0.4856905667111275,21.77830219303925,36.64465904233014,False,well constrained
EDTRVFPS1-12,EDTRVFPS1,Mixed,BMM-DM-DM,"Fraction, 2nd Mean Age",4,2,2,0.6198,10.0,,,,1.1918380709026552e-08,30.286388397247613,2541149602.1695123,True,True,False,0.0507827731714967,False,tau2,0.9999999999994912,unconstrained,0.0197313260794014,3.733915852586774,189.2379578321807,tau2,0.9999930958551292,0.0001137859946647,False,unconstrained,False,,0.001209974288941,unconstrained,confined,San Antonio,PSW,unconstrained,,,,,,False,unconstrained
SCTXSUS1-26/EDTRVFPS1-21,SCTXSUS1/EDTRVFPS1,Modern,DM,"Mean Age, Model Parm 1",4,2,2,0.0997,15.2349,4.570470000354717,21.519608497594525,1.1125204955227674,-999.7486379042996,0.1650226757659966,0.0001650641666408,True,False,False,,False,pd1,0.9999319167486016,unconstrained,-0.0032943772997504,6.713243913626693,2037.788420329148,pd1,0.999649522469252,0.0011254792947609,True,unconstrained,True,pd1,0.0004694259259849,weakly constrained,confined,San Antonio,PSW,weakly constrained,,1.0754042553715406,1.1251526724547152,4.592520475083893,21.734108924664238,False,weakly constrained
SCTXSUS1-25/EDTRVFPS1-06,SCTXSUS1/EDTRVFPS1,Modern,DM,"Mean Age, Model Parm 1",4,2,2,0.0313,25.2213,15.13277999941278,29.798762321691328,0.5814919263590119,0.0112153890548163,508.2833672237577,45320.17255393216,False,True,False,0.8507919769791933,True,tau1,0.9999710781284672,weakly constrained,0.1518468527891671,26.243766215783342,172.83049160209924,pd1,0.9922005403897948,9.171087106112174e-05,False,weakly constrained,False,,0.0126062027418992,weakly constrained,unconfined,San Antonio,Stock,weakly constrained,,0.610873428406193,0.8619422498624765,13.545468806860754,35.28477287331723,False,weakly constrained
SCTXSUS1-07/EDTRVFPS1-16,SCTXSUS1/EDTRVFPS1,Modern,DM,"Mean Age, Model Parm 1",4,2,2,0.0611,18.0757,9.037849999579151,27.044444084160045,0.9961768609005954,0.0104944660579944,1491.9667592205788,142167.00030050884,False,True,False,0.8224274167453128,True,tau1,0.9999926488855704,weakly constrained,0.0017191286808032,10.596487566193357,6163.871084532441,pd1,0.9999523660696854,0.000118722719572,False,weakly constrained,True,pd1,1.2833173968829216e-05,weakly constrained,confined,San Antonio,Commercial,weakly constrained,,1.024303339095786,1.0589244782458986,7.903642892730653,27.044444084160045,False,weakly constrained
SCTXSUS1-08/EDTRVFPS1-13,SCTXSUS1/EDTRVFPS1,Modern,DM,Mean Age,4,2,2,0.2093,17.1661,8.58305000039968,22.365925789234232,0.8029124721884733,-0.0592563114059462,9985.263074930655,168509.6969084825,True,False,False,,False,tau1,0.9999937217844564,unconstrained,0.0052493320349955,19.503904694513253,3715.502194276744,pd1,0.9995142474972138,0.0007282099167035,False,weakly constrained,True,pd1,4.750676453113556e-06,weakly constrained,unconfined,San Antonio,PSW,weakly constrained,,0.757905914308504,0.776949900574983,9.32030820823115,22.657507896491367,False,weakly constrained
SCTXSUS1-03,SCTXSUS1,Modern,DM,Mean Age,2,2,1,0.011,26.7913,9.376954999376212,44.18252372682133,1.299136985791847,-0.0039069035713326,289.352528515986,74061.85569542753,True,False,False,,False,tau1,0.9999845144435268,unconstrained,0.0010524535117618,3.628879847132504,3448.019134885766,pd1,0.999929279157734,0.0003570293820619,False,weakly constrained,True,pd1,8.319868356920779e-06,weakly constrained,unconfined,San Antonio,PSW,weakly constrained,,1.324648385681212,2.7989350472809744,5.386791467781217,80.37389999999999,True,unconstrained
SCTXSUS1-11/EDTRVFPS1-24,SCTXSUS1/EDTRVFPS1,Modern,DM,"Mean Age, Model Parm 1",4,2,2,0.0331,23.555,12.95524999945157,28.188536643917782,0.6467113837599752,0.0098813884262709,353.609673052996,35785.423849231345,False,True,False,0.8812518713757895,True,tau1,0.9999514189409456,weakly constrained,0.2143814612911692,25.32000657798605,118.10725808794096,pd1,0.984440833969374,1.7703700666696785e-05,False,weakly constrained,False,,0.0018937512507362,weakly constrained,unconfined,San Antonio,PSW,weakly constrained,,0.6763598944526161,1.0168179006315765,11.787988185742758,35.73913383511954,False,weakly constrained
SCTXSUS1-05/EDTRVFPS1-23,SCTXSUS1/EDTRVFPS1,Modern,DM,"Mean Age, Model Parm 1",4,2,2,0.0335,17.7264,9.749519999587278,26.929673194751054,0.9691845606081196,-3028.4223485454568,0.0525002233333559,1.733583275086174e-05,True,False,False,,False,pd1,0.9999979467472124,unconstrained,0.0027486758217992,12.589413840903244,4580.17411186104,pd1,0.9999626450272072,0.0005355394753503,False,weakly constrained,True,pd1,3.2738433219492435e-05,weakly constrained,unconfined,San Antonio,Domestic,weakly constrained,,1.0093978805001833,1.0309258687775589,8.65506887445253,26.929673194751054,False,weakly constrained
EDTRVFPS1-17,EDTRVFPS1,Modern,DM,"Mean Age, Model Parm 1",4,2,2,0.0966,19.9248,7.969920000463909,24.904128074677555,0.8499060504604135,0.009887537108876,136.32757574866514,13787.819377818882,False,True,False,0.8288008058473109,True,tau1,0.9999204104511056,weakly constrained,0.1549866029624155,12.893488469562191,83.19098698284833,pd1,0.9860108043341717,1.3460930034102696e-05,False,weakly constrained,False,,0.0006225350575771,weakly constrained,confined,San Antonio,PSW,weakly constrained,,0.8235151802189651,1.2497634526342154,7.785269021762048,32.68655586280826,False,weakly constrained
EDTRVFPS1-19,EDTRVFPS1,Modern,DM,"Mean Age, Model Parm 1",4,2,2,0.0094,24.31,12.155000000566016,31.38563633014656,0.791058672545477,0.0123322794504911,46.43761164487224,3765.5335196789374,False,True,False,0.5449714631154086,False,tau1,0.9999438663431532,weakly constrained,0.0066670576234115,10.371983550383412,1555.7063004768213,pd1,0.9998657857462334,9.80833220491924e-05,False,weakly constrained,False,,0.0060979072345135,weakly constrained,confined,San Antonio,PSW,weakly constrained,,0.7606383362784973,0.8517707242630417,12.800360202479414,33.50690650931396,False,weakly constrained
SCTXSUS1-02/EDTRVFPS1-25,SCTXSUS1/EDTRVFPS1,Modern,DM,Mean Age,2,2,1,0.0,16.1765,1.6176500000000005,48.5295,2.9,9.1937630433455e-05,1.0420833815463155,11334.677396331002,False,False,False,,False,tau1,0.9999405080101266,unconstrained,0.0121014018313877,0.0893389935850691,7.382532604887803,pd1,0.7580889801999935,0.0001171871883293,False,unconstrained,False,,6.031511148171496e-06,unconstrained,unconfined,San Antonio,Domestic,unconstrained,,2.9,2.9,1.6176500000000005,48.5295,True,unconstrained
