SampleID,Network,AgeCat,LPM,n_active,n_free,tau1,f1,tau2,mean_age_mixture,mean_age_sigma_delta,mean_age_p16,mean_age_p50,mean_age_p84,mean_age_sigma_mc,mean_age_fixed_contributors,mean_age_sigma_alt,mean_age_sigma,mean_age_sigma_source,F_lt10yr,F_lt10yr_delta_sigma,F_lt10yr_p16,F_lt10yr_p50,F_lt10yr_p84,F_lt10yr_width,F_lt10yr_source,F_lt10yr_n,F_lt25yr,F_lt25yr_delta_sigma,F_lt25yr_p16,F_lt25yr_p50,F_lt25yr_p84,F_lt25yr_width,F_lt25yr_source,F_lt25yr_n,F_lt40yr,F_lt40yr_delta_sigma,F_lt40yr_p16,F_lt40yr_p50,F_lt40yr_p84,F_lt40yr_width,F_lt40yr_source,F_lt40yr_n,mc_draws_used,Aq_class,Well_class,LPM_MeanAgeFinal_yrs
EDTRPAS1-36,EDTRPAS1,Modern,DM,4,2,29.5683,,,29.5683,1.2503622063391495,28.007246856689452,29.5051326751709,31.059608078002928,1.5735983730079466,,,1.2503622063391495,delta,3.7693656990633425e-41,8.676719220322589e-39,1.4182225718425503e-147,4.740978272624949e-54,3.5805273396339473e-13,3.5805273396339473e-13,mc,500,0.026462560424467183,0.16944180245239965,1.7121910621974994e-06,0.015861359015183995,0.22033302625642884,0.22033131406536663,mc,500,0.9998544354128194,0.0023997014839642586,0.9871641378342857,0.9999764645081681,0.9999999977514709,0.012835859917185166,mc,500,True,confined,PSW,28
EDTRPAS1-37,EDTRPAS1,Modern,DM,3,2,22.6662,,,22.6662,3.802286541569759,20.20323539733887,22.693718910217285,25.4750114440918,2.947624630538439,,,3.802286541569759,delta,2.3591208956303215e-07,8.867711386502662e-06,2.0328923900042226e-104,4.504332369829486e-14,1.8393266971516293e-05,1.8393266971516293e-05,mc,500,0.7519652792827323,0.30898255525223534,0.3480932125607998,0.7491789899346095,0.9005237454142033,0.5524305328534036,mc,500,0.9998309411209346,0.0026597844270363053,0.9998261406122803,0.9999979214735766,1.0,0.00017385938771974363,mc,500,True,confined,PSW,22
EDTRPAS1-33,EDTRPAS1,Modern,DM,4,2,31.2915,,,31.2915,0.6489190526805311,29.996813201904295,31.263811111450195,32.5867236328125,1.2629748153935243,,,0.6489190526805311,delta,1.063145306790857e-31,7.46068617631333e-30,6.638580552562064e-172,3.210797760025138e-39,6.000619652645782e-14,6.000619652645782e-14,mc,500,0.01646134384786804,0.050332354457287266,2.134710704596032e-09,0.010199899424501013,0.12159712775572426,0.12159712562101356,mc,500,0.9928062850999299,0.021578892797054196,0.9637225090988465,0.9973024713424408,0.9999994415265816,0.03627693242773511,mc,500,True,confined,PSW,29
EDTRPAS1-31,EDTRPAS1,Modern,DM,3,2,31.1975,,,31.1975,,29.804988021850587,31.23408603668213,32.83289016723633,1.6037848788510625,,,,delta,5.035087262441802e-58,,2.4133684512166924e-173,4.663773284802081e-69,8.026553882302052e-20,8.026553882302052e-20,mc,500,0.0017181284676509494,,1.1233033507153967e-09,0.0006734007106913048,0.09298188772071884,0.09298188659741549,mc,500,0.9996279145986648,,0.9910860232170419,0.9995343651053634,0.9999917047830752,0.00890568156603333,mc,500,True,confined,PSW,30
EDTRPAS1-32,EDTRPAS1,Modern,DM,4,2,32.061,,,32.061,,29.824930267333983,31.709708213806152,33.12686538696289,2.599310063766612,,,,delta,2.7586331923077124e-99,,2.5631124905710845e-173,7.826889371079291e-110,9.322353151547129e-15,9.322353151547129e-15,mc,500,1.0939584073023089e-05,,6.034094324118459e-10,0.0005469054337143944,0.09062517615636617,0.09062517555295674,mc,500,0.9999377900132608,,0.9355015419696067,0.9999704462855107,0.9999999935611431,0.06449845159153644,mc,500,True,confined,PSW,28
EDTRPAS1-42,EDTRPAS1,Modern,DM,4,2,30.6951,,,30.6951,1.4205936797882848,29.42247543334961,30.71708583831787,32.22433746337891,1.3395513937338672,,,1.4205936797882848,delta,7.215691627962163e-22,5.534174727868527e-20,7.868273508390115e-169,3.4708042115453054e-25,2.3533402392391675e-11,2.3533402392391675e-11,mc,500,0.05409090802568767,0.17517629795267012,7.66114615980684e-09,0.043890940830019966,0.18591491540622748,0.18591490774508132,mc,500,0.9868261773991869,0.052317810017907286,0.9636459946958756,0.9913274474606395,0.9999969963368143,0.03635100164093863,mc,500,True,confined,PSW,31
EDTRPAS1-28,EDTRPAS1,Modern,DM,4,2,30.5696,,,30.5696,1.188377298342598,26.965414962768556,30.769344329833984,32.5783805847168,4.455072165432006,,,1.188377298342598,delta,4.23276225889297e-139,3.0668158684115247e-136,4.9954059088936337e-163,1.8638797009918915e-128,8.505552971120304e-26,8.505552971120304e-26,mc,500,9.907209628567379e-06,0.00022046145513490218,2.7523164822672035e-09,0.00014111843869022442,0.13301853808503075,0.13301853533271427,mc,500,0.9999999962973736,1.4782433792502268e-07,0.9606358104765544,0.9999997214207075,0.9999999999999998,0.039364189523445337,mc,500,True,confined,PSW,28
EDTRPAS1-45,EDTRPAS1,Modern,DM,3,2,20.9116,,,20.9116,1.3952950335436187,17.332577743530273,20.99291229248047,24.629807205200194,3.674756401562351,,,1.3952950335436187,delta,0.09147817297945242,0.04714354419448933,0.02008683328596757,0.08772824831896125,0.17098977597016105,0.15090294268419346,mc,500,0.7285899553242075,0.04755714501634425,0.5961123087041793,0.7257159335701208,0.8455725384864854,0.2494602297823061,mc,500,0.9454479337906786,0.026451624583570324,0.9187481377152052,0.9458952288024963,0.9790538877577059,0.060305750042500605,mc,500,True,unconfined,PSW,11
EDTRPAS1-49,EDTRPAS1,Modern,DM,4,2,21.5416,,,21.5416,4.938013550592104,17.827861862182615,21.68306541442871,22.9479402923584,3.301073334906282,,,4.938013550592104,delta,0.011765880667200669,0.06484736300201219,2.088804068739459e-05,0.009003464887642148,0.01745916136440447,0.017438273323717075,mc,500,0.7327854637883194,0.1882475002892196,0.6638393331687582,0.7238773478330816,0.9980397323488409,0.3342003991800827,mc,500,0.9819794588670313,0.02325102928609854,0.9648519930877548,0.9810783823988578,0.9999999999998291,0.035148006912074314,mc,500,True,unconfined,PSW,28
EDTRPAS1-50,EDTRPAS1,Modern,DM,3,2,16.5395,,,16.5395,0.8389347405385617,15.385993728637695,16.55363655090332,21.212224044799804,3.3938234422461933,,,0.8389347405385617,delta,3.457261712096186e-30,,9.224167916205544e-57,2.3331020631228046e-27,1.1580592686614953e-20,1.1580592686614953e-20,mc,500,1.0,,0.9992749892292765,0.9999999999999999,1.0,0.0007250107707235109,mc,500,1.0,,0.9999999999999999,1.0,1.0,1.1102230246251565e-16,mc,500,True,confined,PSW,10
EDTRPAS1-41,EDTRPAS1,Mixed,BMM-DM-DM,4,2,29.2111,0.8537,200.0,54.19751606999999,28.46641568544553,50.290479033996945,56.79830797899217,68.20982041421478,12.232490579741771,tau2,17.414917316445987,28.46641568544553,delta,1.204644790662884e-15,8.997808845171341e-15,6.904410748498192e-17,1.7588286000573692e-15,8.70770099528091e-14,8.700796584532413e-14,mc,500,0.12900011827125002,0.16350301764709416,0.07407840509956268,0.13652770909642953,0.2381624360757845,0.16408403097622182,mc,500,0.8447608100248282,0.16507051508206277,0.7563445262402037,0.8278427915598816,0.8671572775368228,0.11081275129661916,mc,500,True,confined,PSW,46
EDTRPAS1-35,EDTRPAS1,Mixed,BMM-DM-DM,4,2,27.9778,0.8871,1000.0,137.71910638,176.17407800734924,118.07614863125055,153.64987145759858,218.51693101742512,58.78539834595019,tau2,1382.4409884104657,1382.4409884104657,alt,1.9365466658270337e-14,1.6457398956886518e-13,4.5693997109764975e-16,2.210971176462272e-14,7.244764864808179e-13,7.240195465097203e-13,mc,500,0.20773292360456788,0.262191094691539,0.10716312661777487,0.20982383995747503,0.339223061250476,0.23205993463270114,mc,500,0.8831889229348948,0.17927511724708525,0.791631127926818,0.8661230112401485,0.9035576895884073,0.11192656166158932,mc,500,True,confined,PSW,209
EDTRPAS1-29,EDTRPAS1,Mixed,BMM-DM-DM,4,2,42.028,0.1365,11500.0,9935.986822,2839.999973160298,8760.808247167646,9887.084443365675,10501.609779052018,995.734584542772,tau2,2072.149341876236,2839.999973160298,delta,3.034047193684785e-29,1.066377838592362e-27,8.133244161771844e-37,3.701763907631007e-29,6.684527764622723e-09,6.684527764622723e-09,mc,371,1.6954287063132787e-05,0.00019252552577165723,5.587547424510851e-08,1.7546842202723263e-05,0.17460932135581972,0.17460926548034547,mc,371,0.05234428403958514,0.2164206036787326,0.006154014842931166,0.051922586935192784,0.22632967872252538,0.22017566387959422,mc,371,True,confined,PSW,10300
EDTRPAS1-46,EDTRPAS1,Mixed,BMM-DM-DM,3,2,35.188,0.2213,23500.0,18307.237104399996,123.68429156672474,18034.3426874334,18357.70303176565,18721.48380230255,376.01263247195004,tau2,19374.399637028062,19374.399637028062,alt,3.6157154119812734e-22,2.710927679645033e-22,1.899165977472609e-23,3.363030379203419e-22,6.070540987676347e-21,6.051549327901621e-21,mc,500,0.0020861566305052717,0.00036751633983391727,0.0009805952574884333,0.0020458907878927674,0.00401166990500628,0.0030310746475178466,mc,500,0.18597504430560888,0.00522170247950811,0.1589746901857344,0.1840712060997824,0.20590680319841245,0.04693211301267805,mc,500,True,confined,PSW,16900
EDTRPAS1-30,EDTRPAS1,Mixed,BMM-DM-DM,4,2,30.1719,0.7412,3000.0,798.7634122800001,597.159020177311,745.8509682433018,833.2469169828432,958.0721813410904,132.41671332561043,tau2,4553.861332459157,4553.861332459157,alt,1.2388219320304773e-16,1.5986747173192415e-15,6.61806976212183e-18,2.1508101811388231e-16,7.549484957023052e-15,7.54286688726093e-15,mc,500,0.07827268219654085,0.18449967304198248,0.042189219028182665,0.08605945935391057,0.15845722453982353,0.11626800551164086,mc,500,0.7266644434049669,0.2030091394581257,0.6616720710664642,0.7176515991925001,0.7497203807100576,0.08804830964359345,mc,500,True,confined,PSW,1770
EDTRPAS1-34,EDTRPAS1,Mixed,BMM-DM-DM,4,2,30.3118,0.6653,3000.0,1024.26644054,58.47095887024415,895.1388095854606,1061.422336449654,1291.3793088589273,206.90401526096664,tau2,504.7874382741881,504.7874382741881,alt,8.116669075090725e-17,6.338845957303531e-17,3.3984910203662237e-18,9.418386808797452e-17,2.2549769571023896e-15,2.2515784660820234e-15,mc,500,0.06633757116721561,0.009479473487968935,0.03385601254170813,0.0675986853276904,0.11896694040883089,0.08511092786712277,mc,500,0.6511678653368383,0.01911266065365626,0.5528012381718134,0.6371432101567265,0.6974370833042655,0.1446358451324521,mc,500,True,confined,PSW,672
EDTRPAS1-43,EDTRPAS1,Mixed,BMM-DM-DM,4,2,32.1157,0.7661,1000.0,258.50383777,111.83455037047057,230.364827450198,273.5550964561637,348.4138409567262,100.72345252404233,tau2,1737.8049067756124,1737.8049067756124,alt,1.5358110268134546e-18,7.056637721962245e-18,1.0143143770061087e-19,2.2037544994615913e-18,2.978929372889446e-16,2.97791505851244e-16,mc,494,0.03361853344947532,0.032789619844765604,0.018315811549751954,0.03648773179999508,0.0879902460153983,0.06967443446564635,mc,494,0.7266993014306324,0.11942589340673698,0.624821226048185,0.7082176178117794,0.7616958852650819,0.1368746592168969,mc,494,True,confined,PSW,141
EDTRPAS1-04/EDTRETN1-01,EDTRPAS1/EDTRETN1,Modern,BMM-DM-DM,4,1,35.0,0.6149,5000.0,1947.0215,1444.3792138273616,1783.2059180378915,1957.683111578226,2235.7547543525693,254.34162672706978,tau1;tau2,518.6509304060386,1444.3792138273616,delta,1.4746897884749727e-21,6.976830257129945e-22,1.3352220582610583e-21,1.4695398767664244e-21,1.5538181432644371e-21,2.1859608500337876e-22,mc,500,0.0062948130775226565,0.0029781071711125276,0.005699485640590417,0.006272830331168535,0.0066325778104341605,0.0009330921698437432,mc,500,0.5202161806397133,0.2461168455698793,0.4710171080609288,0.5183994816833699,0.5481297464829055,0.07711263842197669,mc,500,True,confined,PSW,1100
EDTRPAS1-05/EDTRETN1-03,EDTRPAS1/EDTRETN1,Mixed,BMM-DM-DM,3,2,28.2125,0.6525,14500.0,5057.15865625,826.5078134564337,4811.905377570109,5278.245037904295,6035.598682327253,960.4700640659329,tau2,2332.3411644277653,2332.3411644277653,alt,8.889498013440111e-15,3.192051708469506e-14,1.167202050416484e-18,8.219794202430928e-15,2.5650772522329928e-11,2.5650771355127878e-11,mc,497,0.13756226241038214,0.0728457988042475,0.023747249269933754,0.13443450977796398,0.36607745845700274,0.34233020918706897,mc,497,0.6492091339974013,0.05502449446923192,0.5539605035641909,0.6320142860302074,0.667939524875064,0.11397902131087312,mc,497,True,confined,PSW,3540
EDTRPAS1-44,EDTRPAS1,Mixed,BMM-DM-DM,4,2,18.6068,0.6159,200.0,88.27992812,4.819522129012202,69.57091816170993,85.76909088833281,112.4985752714338,24.201674399384107,tau2,9.768601150860283,24.201674399384107,mc,3.286842212945594e-06,5.517138423573954e-06,2.0065407934593227e-10,2.085298786833238e-06,0.3435071845180112,0.3435071843173571,mc,492,0.6067540574441959,0.023280556989699205,0.3606293189525604,0.5260157883165131,0.6307446453526656,0.2701153264001052,mc,492,0.6158999943972632,0.028655551260715676,0.4606265800946787,0.6321760690687314,0.7326026962151599,0.2719761161204812,mc,492,True,confined,PSW,65
SCTXLUSRC1-11,SCTXLUSRC1,Modern,DM,4,2,17.4647,,,17.4647,2.784217434816577,17.115644912719727,17.462709426879883,17.854180755615236,0.4797657277259072,,,2.784217434816577,delta,8.4771092509696e-37,,3.990552169825127e-39,2.2397959518731943e-36,7.982069694670696e-34,7.982029789148998e-34,mc,500,0.9999999999999998,,0.9999999999999694,0.9999999999999996,1.0,3.064215547965432e-14,mc,500,1.0,,0.9999999999999999,1.0,1.0,1.1102230246251565e-16,mc,500,True,unconfined,MW (urban),22
SCTXLUSRC1-08,SCTXLUSRC1,Modern,DM,3,2,15.005,,,15.005,,13.804112472534179,15.156321048736572,17.20545478820801,1.8021034073643563,,,,delta,5.813813868396539e-12,,1.0874117028307533e-22,5.235993570088194e-14,0.0003582146639423748,0.0003582146639423748,mc,500,1.0,,0.9999999528136284,0.9999999999999999,1.0,4.718637158784844e-08,mc,500,1.0,8.298812953239267e-18,0.9999999999999999,1.0,1.0,1.1102230246251565e-16,mc,500,True,unconfined,MW (urban),9.3
SCTXLUSRC1-10,SCTXLUSRC1,Modern,DM,4,2,10.5141,,,10.5141,1.679552755471312,10.350523643493652,10.518470287322998,10.738815231323242,0.8005126805159324,,,1.679552755471312,delta,0.13577000342789913,0.20817313017096528,0.06226377917595754,0.13898148564275126,0.2328499447749229,0.17058616559896536,mc,500,1.0,5.3766700207467736e-17,0.9999999999999999,1.0,1.0,1.1102230246251565e-16,mc,500,1.0,5.3766700207467736e-17,0.9999999999999999,1.0,1.0,1.1102230246251565e-16,mc,500,True,unconfined,MW (urban),5.5
SCTXLUSRC1-09,SCTXLUSRC1,Modern,DM,4,2,5.2445,,,5.2445,2.800331688168867,4.627210330963135,5.285293340682983,5.946857013702393,0.6937540009748511,,,2.800331688168867,delta,0.9233070158255186,0.46581375957273785,0.8968269399272797,0.9227666516215883,0.9425236482389036,0.04569670831162387,mc,500,0.9994547942950436,0.01846648409589137,0.9993421228627721,0.9994758036665324,0.999567706545098,0.00022558368232583614,mc,500,0.9999947823091576,0.0003299631154994823,0.999993982423459,0.9999947333470398,0.9999962271596552,2.2447361961441814e-06,mc,500,True,unconfined,MW (urban),4.5
SCTXLUSRC1-16,SCTXLUSRC1,Modern,DM,4,2,22.8709,,,22.8709,0.4551809298987116,21.579771881103515,22.739545822143555,24.12239013671875,1.310367099863131,,,0.4551809298987116,delta,4.6402339907939566e-10,1.0959017117311886e-08,1.5596107791183048e-38,5.437248239736747e-10,2.4904689368159393e-05,2.4904689368159393e-05,mc,500,0.7638745148345408,0.1066580962716893,0.6335815970963623,0.7561266654270127,0.9260867606545988,0.2925051635582365,mc,500,0.9999858926068476,0.00014827890801856594,0.9979184394257984,0.9999959589683923,0.9999999999999999,0.002081560574201502,mc,500,True,unconfined,MW (urban),17
SCTXLUSRC1-01/EDTRETN1-02,SCTXLUSRC1,Modern,DM,4,2,10.279,,,10.279,,10.163869361877442,10.2887864112854,10.410248832702637,0.12812573602360353,,,,delta,0.2764555822308088,,0.19326592260108685,0.272746343346845,0.36916643166838686,0.1759005090673,mc,500,1.0,1.625214924878497e-17,0.9999999999999999,1.0,1.0,1.1102230246251565e-16,mc,500,1.0,1.625214924878497e-17,0.9999999999999999,1.0,1.0,1.1102230246251565e-16,mc,500,True,unconfined,MW (urban),10
SCTXLUSRC1-24,SCTXLUSRC1,Modern,DM,4,2,26.6973,,,26.6973,1.4220306519923442,25.4781192779541,26.761512756347656,28.231780548095703,1.3447204228333625,,,1.4220306519923442,delta,0.0021979061342402174,0.0043778919780125105,0.0001247235259303402,0.0018406646813879687,0.008314414359539337,0.008189690833608997,mc,500,0.4901277164386491,0.08202637268429132,0.3884550501457108,0.4845233111027307,0.5536921315182532,0.16523708137254245,mc,500,0.914364850409199,0.012134624501584828,0.9032410863732401,0.914059658580946,0.9267541654791596,0.023513079105919488,mc,500,True,unconfined,MW (urban),20
SCTXLUSRC1-25,SCTXLUSRC1,Modern,DM,4,2,3.0089,,,3.0089,2.376248346345733,2.6410382080078123,3.049429774284363,3.4811909770965577,0.4571948363031592,,,2.376248346345733,delta,1.0,,0.9999999999999999,1.0,1.0,1.1102230246251565e-16,mc,500,1.0,,1.0,1.0,1.0,0.0,mc,500,1.0,,1.0,1.0,1.0,0.0,mc,500,True,unconfined,MW (urban),17
SCTXLUSRC1-27,SCTXLUSRC1,Modern,DM,4,2,19.303,,,19.303,0.10353155797792257,17.961207122802733,19.198205947875977,20.3672989654541,1.2037979404118826,,,0.10353155797792257,delta,1.135668914252938e-10,2.1331424521628907e-09,1.289902118112271e-40,1.7585999854994383e-10,0.0008856481531390091,0.0008856481531390091,mc,500,0.994328584645341,0.01731898314033668,0.8970446909269255,0.9933656488748202,0.9999999596412418,0.10295526871431626,mc,500,0.9999999999996106,8.919571227923538e-12,0.9998568849563103,0.9999999999995819,1.0,0.00014311504368968997,mc,500,True,unconfined,MW (urban),16
SCTXLUSRC1-23,SCTXLUSCR1,Modern,DM,4,2,16.2306,,,16.2306,0.9657293904549055,15.31568733215332,16.338765144348145,17.314696044921874,1.0702830974186213,,,0.9657293904549055,delta,4.558801345609739e-28,1.7144863090695317e-25,1.1115897941113687e-32,2.6396476304041864e-25,2.066952157793988e-15,2.066952157793988e-15,mc,500,0.9999999999999998,1.3430651047460696e-17,0.9999999999997543,1.0,1.0,2.4569235534954714e-13,mc,500,0.9999999999999998,1.3408672173423938e-17,0.9999999999999999,1.0,1.0,1.1102230246251565e-16,mc,500,True,unconfined,MW (urban),15
SCTXSUS1-19/EDTRVFPS1-02,SCTXSUS1/EDTRVFPS1,Modern,DM,4,2,18.942,,,18.942,0.5095739010428882,17.734320831298827,19.042794227600098,20.38394805908203,1.3329043096953956,,,0.5095739010428882,delta,0.03436655465406893,0.0189749184140195,7.043045384476492e-07,0.021171898075618444,0.0823336088911258,0.08233290458658735,mc,500,0.844264026151951,0.012107060424680963,0.8165271668549822,0.8556817168862721,0.9503126810597686,0.13378551420478646,mc,500,0.9936299257426255,0.0021544706666055736,0.9889071808917828,0.9948828295163796,0.9999989781992751,0.011091797307492324,mc,500,True,confined,Domestic,14
SCTXSUS1-17,SCTXSUS1,Modern,DM,2,2,22.8417,,,22.8417,,20.31190628051758,23.255075454711914,25.77877151489258,3.270840688630786,,,,delta,2.515810384328684e-41,,7.321197355490236e-69,1.8208384800226407e-49,5.410093715639022e-39,5.410093715639022e-39,mc,500,0.9287443350696547,,0.32785193291815784,0.9281727901625351,0.9999956256964826,0.6721436927783248,mc,500,1.0,,0.9999999999983374,1.0,1.0,1.662558979376172e-12,mc,500,True,unconfined,Domestic,14
SCTXSUS1-16,SCTXSUS1,Modern,DM,2,2,28.1346,,,28.1346,9.852070543788926,27.855141525268554,28.184560775756836,28.399176864624025,0.5892736012119268,,,9.852070543788926,delta,2.1791486977579257e-129,9.11999863917094e-126,1.0023647421154479e-122,8.67209386863987e-121,7.188506663302896e-118,7.188406426828685e-118,mc,500,0.004472800803994962,0.16448779467329638,0.00326374771605032,0.005307069161889342,0.01062486612196562,0.0073611184059152995,mc,500,0.9999999999999989,5.3830019495132e-13,0.9999999999999528,0.9999999999999876,0.9999999999999983,4.551914400963142e-14,mc,500,True,confined,Domestic,25
SCTXSUS1-22,SCTXSUS1,Modern,DM,2,2,21.0556,,,21.0556,,16.002272186279296,23.333250045776367,31.447939605712882,7.309393057149211,,,,delta,0.020554992717037868,,3.156386757303957e-39,2.2476867616445916e-07,0.019502346624377897,0.019502346624377897,mc,500,0.7487542899637301,,0.06327684830289204,0.6503432013327144,1.0,0.936723151697108,mc,500,0.9804033539198891,,0.8999881032948127,0.9957952840731581,1.0,0.10001189670518729,mc,500,True,unconfined,Domestic,12
SCTXSUS1-15/EDTRVFPS1-01,SCTXSUS1/EDTRVFPS1,Modern,DM,4,2,4.4933,,,4.4933,3.1049049294033977,3.86254337310791,4.5362138748168945,5.696182956695557,0.793284880013485,,,3.1049049294033977,delta,0.9999987612889619,0.00013290939976214145,0.9999873867417974,0.9999993457161709,1.0,1.2613258202565092e-05,mc,500,1.0,1.2381098285432668e-17,0.9999999999999999,1.0,1.0,1.1102230246251565e-16,mc,500,1.0,1.2381098118552635e-17,0.9999999999999999,1.0,1.0,1.1102230246251565e-16,mc,500,True,unconfined,Domestic,8.7
SCTXSUS1-21/EDTRVFPS1-05,SCTXSUS1/EDTRVFPS1,Modern,DM,4,2,31.9249,,,31.9249,0.7997324609290803,31.06590446472168,31.871976852416992,32.67214935302734,0.7890687405428216,,,0.7997324609290803,delta,4.7774889865575264e-166,,1.112933489280796e-160,3.5696674262276234e-153,1.3924797254117946e-145,1.3924797254117935e-145,mc,500,2.4586209992257894e-08,1.0924712527537632e-06,4.940454304613305e-09,1.0632954607017678e-07,1.895362124453324e-06,1.8904216701487106e-06,mc,500,0.999999814623882,7.15195118153898e-06,0.9999913884048717,0.9999994461834734,0.9999999756402868,8.587235415080663e-06,mc,500,True,confined,Domestic,27
SCTXSUS1-23,SCTXSUS1,Modern,DM,2,2,19.2774,,,19.2774,,14.044591827392578,20.024328231811523,30.595190734863277,7.860979346348189,,,,delta,0.10817438125878374,,1.246414077225286e-22,0.007174260334625422,0.11299726873015718,0.11299726873015718,mc,500,0.7867180780860936,,0.3040754686350195,0.759390115623279,0.9999999999999999,0.6959245313649804,mc,500,0.9678163961198583,,0.8527717375741142,0.9731810650360045,1.0,0.14722826242588583,mc,500,True,confined,Domestic,10
SCTXSUS1-18/EDTRVFPS1-03,SCTXSUS1/EDTRVFPS1,Modern,DM,4,2,5.9002,,,5.9002,0.4598624189378477,5.806938800811768,5.894062042236328,6.0407150459289545,0.29167974674809255,,,0.4598624189378477,delta,1.0,,0.9999999999999999,1.0,1.0,1.1102230246251565e-16,mc,500,1.0,,0.9999999999999999,1.0,1.0,1.1102230246251565e-16,mc,500,1.0,,0.9999999999999999,1.0,1.0,1.1102230246251565e-16,mc,500,True,unconfined,Domestic,6.3
SCTXSUS1-20/EDTRVFPS1-04,SCTXSUS1/EDTRVFPS1,Modern,DM,4,2,10.9729,,,10.9729,0.38123340004896356,10.433968811035156,11.00350046157837,11.721330375671386,0.7402314912716763,,,0.38123340004896356,delta,0.019897280930976986,0.1124547856061123,0.001958368776577173,0.024253819022816273,0.21114173899419003,0.20918337021761285,mc,500,1.0,9.785471516576894e-18,0.9999999999999999,1.0,1.0,1.1102230246251565e-16,mc,500,1.0,9.785471516576894e-18,0.9999999999999999,1.0,1.0,1.1102230246251565e-16,mc,500,True,unconfined,Domestic,10
SCTXSUS1-24/EDTRVFPS1-09,SCTXSUS1/EDTRVFPS1,Modern,DM,4,2,30.6087,,,30.6087,0.6964307363497672,29.684137268066408,30.456058502197266,31.23908935546875,0.8052006531189511,,,0.6964307363497672,delta,1.0263731622671932e-40,1.1231877509793667e-38,9.48616593375518e-150,4.637714463549079e-58,6.984735312830021e-20,6.984735312830021e-20,mc,500,0.012223836902027179,0.04863068638855163,5.644439344396006e-06,0.004154540727173044,0.08048327591015408,0.08047763147080969,mc,500,0.9989944653430766,0.005779172479388213,0.9849250804761921,0.9998292254784708,0.9999999997598525,0.015074919283660448,mc,500,True,unconfined,Domestic,25
SCTXSUS1-13/EDTRVFPS1-08,SCTXSUS1/EDTRVFPS1,Mixed,BMM-DM-DM,4,2,28.0,0.6377,8464.3408,3084.4862718399995,6837.335854164971,1627.194638143622,3141.048025474156,6913.841723885777,3557.8284538216717,tau1,,6837.335854164971,delta,1.4205505159530091e-14,3.4421256121100185e-15,1.2826656449178808e-14,1.4010391611000103e-14,1.5009909670089813e-14,2.1832532209110045e-15,mc,500,0.14604849118440222,0.035388903560293006,0.13187238329828005,0.14404250554345355,0.15431866980528422,0.02244628650700417,mc,500,0.6348679062456826,0.15383438011205605,0.5732448394177488,0.626147953759354,0.6708180960952159,0.09757325667746708,mc,500,True,unconfined,Domestic,328
SCTXSUS1-25/EDTRVFPS1-06,SCTXSUS1/EDTRVFPS1,Modern,DM,4,2,25.2213,,,25.2213,1.6705226415484633,23.91423225402832,25.2991304397583,26.786970748901368,1.4108594429353103,,,1.6705226415484633,delta,0.0001418950200135718,0.0006137748127064482,8.929625871081985e-08,8.40811921611063e-05,0.0014803091693626944,0.0014802198731039835,mc,500,0.5373920603570048,0.11522902107109984,0.39854670609207465,0.5315049102008935,0.6207123901246929,0.22216568403261827,mc,500,0.9743766757757134,0.012279274393935412,0.9663759608877329,0.9757642100326078,0.9881960889402657,0.02182012805253275,mc,500,True,unconfined,Stock,18
SCTXSUS1-14/EDTRVFPS1-07,SCTXSUS1/EDTRVFPS1,Mixed,BMM-DM-DM,4,2,8.0,0.4273,285.1258,166.70994566000002,764.2997427406797,159.85947893188558,174.39966032128905,292.5192671824192,59.60564333696037,tau1,,764.2997427406797,delta,0.4063953620982788,0.07914620535096786,0.37037962501060173,0.40221924419530086,0.43752123591071235,0.06714161090011062,mc,500,0.42729999999999996,0.08321742003121102,0.3894316434860229,0.422909066081047,0.4600269627571105,0.07059531927108764,mc,500,0.42729999999999996,0.08321742003121102,0.3894316434860229,0.422909066081047,0.4600269627571105,0.07059531927108764,mc,500,True,unconfined,Domestic,269
SCTXSUS1-12/EDTRVFPS1-10,SCTXSUS1/EDTRVFPS1,Modern,DM,4,2,15.6702,,,15.6702,0.5462158359925177,14.5161572265625,15.944774150848389,17.571290893554686,1.5572989847035974,,,0.5462158359925177,delta,0.25509959418343664,0.043519943245334515,0.11178127885878544,0.2314060295033504,0.34812732572542976,0.23634604686664432,mc,500,0.8819332138224949,0.0073473070816395935,0.8540771900997424,0.8802423210634027,0.9004211645634215,0.046343974463679105,mc,500,0.9850816101834508,0.001642482122609462,0.9808468975802951,0.9857169632797168,0.9906731968240047,0.00982629924370959,mc,500,True,unconfined,Domestic,11
SCTXSUS1-10/EDTRVFPS1-15,SCTXSUS1/EDTRVFPS1,Mixed,BMM-DM-DM,4,2,14.0,0.2759,80.2475,61.96981475,2.4021598577900685,60.69824788364918,62.24841939375585,64.2729449873142,1.8227222370846294,tau1,,2.4021598577900685,delta,0.0027591971110393775,0.0003324598088439769,0.0024470822391586488,0.0027395508246340103,0.00298561160198144,0.0005385293628227912,mc,500,0.275896914969968,0.03324323414393771,0.24468800643508556,0.27393244864453925,0.2985364934565807,0.05384848702149511,mc,500,0.2759002492892801,0.03324360696970504,0.24469098138154186,0.27393577586831047,0.2985399935544091,0.05384901217286722,mc,500,True,confined,PSW,48.3
SCTXSUS1-09/EDTRVFPS1-14,SCTXSUS1/EDTRVFPS1,Mixed,BMM-DM-DM,4,2,10.0,0.5135,285.219,143.8940435,571.838952336252,137.97811094639212,157.9562537640345,255.18020235689698,60.34223767086802,tau1,,571.838952336252,delta,0.27116484106939726,0.027328254412280827,0.24801087755519674,0.26834260616322436,0.2890232624111159,0.04101238485591918,mc,500,0.5134999999972101,0.051751025631817,0.46965375423176225,0.5081555843325662,0.5473181724518603,0.07766441822009806,mc,500,0.5135,0.05175102563209817,0.469653754234314,0.5081555843353271,0.5473181724548339,0.07766441822051995,mc,500,True,confined,PSW,193
SCTXSUS1-08/EDTRVFPS1-13,SCTXSUS1/EDTRVFPS1,Modern,DM,4,2,17.1661,,,17.1661,,16.58207565307617,17.164502143859863,17.509903564453126,0.5080611253540558,,,,delta,1.2650370670091434e-34,,3.4567917555169644e-36,2.404330405312061e-32,2.978269025440546e-28,2.9782689908726283e-28,mc,500,1.0,,0.9999999999999984,0.9999999999999999,1.0,1.5543122344752192e-15,mc,500,1.0,6.3340079719989734e-18,0.9999999999999999,1.0,1.0,1.1102230246251565e-16,mc,500,True,unconfined,PSW,13
SCTXSUS1-07/EDTRVFPS1-16,SCTXSUS1/EDTRVFPS1,Modern,DM,4,2,18.0757,,,18.0757,2.4128894698460117,16.88255500793457,18.004125595092773,18.83601661682129,1.0378028679182096,,,2.4128894698460117,delta,2.3453038105054367e-41,2.479108494843083e-38,1.224901522433604e-42,2.422012086005431e-36,1.5295858405051323e-23,1.5295858405051323e-23,mc,500,0.9999999999998752,3.5757330288180094e-11,0.9999999871034642,0.9999999999959418,0.9999999999999997,1.2896535506179418e-08,mc,500,1.0,3.2682677812665963e-17,0.9999999999999999,1.0,1.0,1.1102230246251565e-16,mc,500,True,confined,Commercial,14
SCTXSUS1-04/EDTRVFPS1-20,SCTXSUS1/EDTRVFPS1,Mixed,BMM-DM-DM,3,2,32.0,0.2262,13049.916,10105.2634008,5076.349568414655,8342.009386045123,10042.276351320877,12441.28900697902,2150.1208049630973,tau1,,5076.349568414655,delta,5.433454458183288e-19,9.735240753215585e-20,4.956158228838956e-19,5.387721334709314e-19,5.812346510534321e-19,8.561882816953649e-20,mc,500,0.010614933383298305,0.001901901136028042,0.009682475456654786,0.0105255880022295,0.011355146433047898,0.0016726709763931116,mc,500,0.2148288665001531,0.03849136405237633,0.1959574452479864,0.21302066231752154,0.22980956630336902,0.03385212105538263,mc,500,True,confined,PSW,9350
SCTXSUS1-26/EDTRVFPS1-21,SCTXSUS1/EDTRVFPS1,Modern,DM,4,2,15.2349,,,15.2349,0.7772238771944169,11.58986068725586,15.324790954589844,16.358622360229493,1.878514836579388,,,0.7772238771944169,delta,1.4252181002826377e-21,,3.554477169592972e-27,1.2526712360545004e-20,0.0023266261735717863,0.0023266261735717863,mc,500,1.0,,0.9999999999999999,1.0,1.0,1.1102230246251565e-16,mc,500,1.0,,0.9999999999999999,1.0,1.0,1.1102230246251565e-16,mc,500,True,confined,PSW,11
SCTXSUS1-06/EDTRVFPS1-22,SCTXSUS1/EDTRVFPS1,Modern,DM,3,2,16.0381,,,16.0381,0.6437089145409444,14.792722663879395,16.51475238800049,18.34922348022461,1.9802289762578162,,,0.6437089145409444,delta,0.018274748099573416,0.05150683428476541,2.0188333151059262e-26,0.0203028669562675,0.15743584378312833,0.15743584378312833,mc,500,0.9850754572107105,0.0456984173923383,0.8353140358728769,0.9949094252661673,0.9999999999999999,0.164685964127123,mc,500,0.9999959931967968,4.648340119834821e-05,0.9786424658400718,0.9999997575762014,1.0,0.02135753415992825,mc,500,True,unconfined,PSW,14
SCTXSUS1-11/EDTRVFPS1-24,SCTXSUS1/EDTRVFPS1,Modern,DM,4,2,23.555,,,23.555,1.830138530627933,22.532177810668944,23.7747163772583,25.12986473083496,1.3272032007404804,,,1.830138530627933,delta,0.0047671652190789705,0.010968737188409919,0.00022954856778680487,0.0033804934707296216,0.014116003560389433,0.013886454992602628,mc,500,0.6352674983888611,0.08908030157782319,0.5473806317463273,0.6247726266220481,0.6848078338438058,0.1374272020974785,mc,500,0.9660532343974977,0.01018016872843582,0.9593701974020115,0.9669472324036228,0.9766458678902985,0.017275670488287043,mc,500,True,unconfined,PSW,20
SCTXSUS1-03,SCTXSUS1,Modern,DM,2,2,26.7913,,,26.7913,,25.323751220703127,26.835979461669922,27.875720977783203,2.358264909043575,,,,delta,1.0487667071634878e-116,,1.2575525130611876e-117,2.2701148149752718e-108,1.3806621092880193e-80,1.3806621092880193e-80,mc,500,0.0644832464001161,,0.010267156111928334,0.07180318450484319,0.4112149391868572,0.40094778307492884,mc,500,0.9999999999999998,1.9726095018437272e-17,0.9999999999999974,1.0,1.0,2.55351295663786e-15,mc,500,True,unconfined,PSW,20
SCTXSUS1-05/EDTRVFPS1-23,SCTXSUS1/EDTRVFPS1,Modern,DM,4,2,17.7264,,,17.7264,0.798805113707192,17.11739143371582,17.752304077148438,18.268955917358397,0.6705157090612365,,,0.798805113707192,delta,9.850933740602963e-39,,6.91538400309186e-40,2.7054790518960298e-36,5.82528427380187e-31,5.825284266886486e-31,mc,500,0.9999999999999957,,0.9999999999905197,0.9999999999999498,0.9999999999999999,9.480194407274212e-12,mc,500,0.9999999999999998,,0.9999999999999999,1.0,1.0,1.1102230246251565e-16,mc,500,True,unconfined,Domestic,16
EDTRVFPS1-11,EDTRVFPS1,Mixed,BMM-DM-DM,3,2,14.0,0.4163,775.1237,458.26790368999997,1922.1020100011137,285.5829247713518,424.73679525995794,1558.8328382705674,645.0845134160501,tau1,,1922.1020100011137,delta,0.004163297416910811,0.0009037822524810871,0.003788493920286835,0.004136050621969291,0.0044671659244664335,0.0006786720041795985,mc,500,0.4162953450597959,0.09037075831462121,0.37881809197599614,0.4135708906751821,0.44667968529257596,0.06786159331657982,mc,500,0.4162999999999992,0.0903717688243016,0.3788223278522484,0.4135755151510231,0.4466846799850456,0.06786235213279718,mc,500,True,confined,PSW,1120
EDTRVFPS1-12,EDTRVFPS1,Mixed,BMM-DM-DM,4,2,10.0,0.3511,1286.7372,838.47476908,4673.73430292023,336.5197418363542,840.4296579609072,1971.8510285587045,830.0178182614043,tau1,,4673.73430292023,delta,0.18540598967763464,0.07564072703484709,0.16964228512187549,0.18243394316481837,0.19628793115003787,0.026645646028162384,mc,500,0.35109999999809244,0.14323948923098964,0.32124855518166523,0.3454718887787169,0.37170693754947887,0.05045838236781364,mc,500,0.3511,0.14323948923176788,0.32124855518341067,0.34547188878059387,0.37170693755149836,0.050458382368087695,mc,500,True,confined,PSW,563
EDTRVFPS1-18,EDTRVFPS1,Mixed,BMM-DM-DM,4,2,12.0,0.4443,399.1049,227.11419293000003,4080.5839126484116,161.89239540967256,234.99179774691265,1069.5639506059713,379.0542720234408,tau1,,4080.5839126484116,delta,0.04909154103407404,0.018832368557954414,0.04471190456831961,0.048275697952008444,0.051682546023245735,0.006970641454926124,mc,500,0.4442999844777224,0.17044119784649403,0.40466235296800573,0.4369162466470764,0.46774971639124413,0.0630873634232384,mc,500,0.4443,0.17044120380110955,0.40466236710548403,0.4369162619113922,0.4677497327327728,0.06308736562728878,mc,500,True,confined,PSW,364
EDTRVFPS1-17,EDTRVFPS1,Modern,DM,4,2,19.9248,,,19.9248,3.1254311465495213,18.703974838256837,20.062724113464355,21.326621170043946,1.284817737439129,,,3.1254311465495213,delta,0.03062550917654528,0.08755746644666067,0.0004207158106825306,0.021598313897722616,0.06694129914280593,0.06652058333212339,mc,500,0.7971351957232612,0.090454862620713,0.7568462613294235,0.799781146650022,0.8428466138336261,0.08600035250420268,mc,500,0.9871466337272794,0.013885052450618874,0.9818895550389146,0.9877495746221796,0.9981707004641378,0.016281145425223187,mc,500,True,confined,PSW,20
EDTRVFPS1-19,EDTRVFPS1,Modern,DM,4,2,24.31,,,24.31,0.8730073338152992,22.925031661987305,24.2235689163208,26.066604232788087,1.3925942542077134,,,0.8730073338152992,delta,3.670951068369246e-08,6.989775787290209e-07,5.660461746431892e-55,1.0801605184481408e-08,0.00011556453158777005,0.00011556453158777005,mc,500,0.5997243164367825,0.07381154843691284,0.3186423038103592,0.6092708303986194,0.7114877374353284,0.39284543362496926,mc,500,0.9989655494337617,0.005628464345658842,0.9894791523318729,0.9996680908968884,0.9999999999999998,0.010520847668126887,mc,500,True,confined,PSW,19
SCTXSUS1-02/EDTRVFPS1-25,SCTXSUS1/EDTRVFPS1,Modern,DM,2,2,16.1765,,,16.1765,,10.500438079833984,16.471975326538086,29.221116561889644,9.109634772856095,,,,delta,0.31230727912542167,,0.0007202069627280255,0.11705332274811005,0.46574458570143795,0.46502437873870994,mc,500,0.8439063781954508,,0.47521964964630015,0.8428640354904803,1.0,0.5247803503536999,mc,500,0.9646290159119224,,0.8226042619866649,0.96421323454622,1.0,0.17739573801333508,mc,500,True,unconfined,Domestic,8.1
