SampleID,SiteNo,Network,Date,AgeCat,LPM,n_active,n_free,dof,tau1_PINN,pd1_PINN,f1_PINN,tau2_PINN,tau1_LPM,f1_LPM,tau2_LPM,chi2_PINN,chi2_LPM,chi2_delta,chi2_prob_PINN,chi2_prob_LPM,PINN_better,tau1_sigma_hess,f1_sigma_hess,pd1_sigma_hess,tau2_sigma_hess,tau1_sigma_LPM,f1_sigma_LPM,tau2_sigma_LPM,tau1_profile_lo,tau1_profile_hi,tau1_profile_sym,f1_profile_lo,f1_profile_hi,f1_profile_sym,tau2_profile_lo,tau2_profile_hi,tau2_profile_sym,tau1_MC_mean,tau1_MC_std,tau1_MC_p16,tau1_MC_p84,f1_MC_mean,f1_MC_std,f1_MC_p16,f1_MC_p84,tau2_MC_mean,tau2_MC_std,tau2_MC_p16,tau2_MC_p84,MC_n_ok,MC_n_fail,Tracer_names,Obs_vals,PINN_sim,LPM_sim,RelErr_PINN,RelErr_LPM
EDTRPAS1-36,291202099491001,EDTRPAS1,2017.181,Modern,DM,4,2,2,29.5683,0.0036,,,27.5876,,,0.045,5.2802,-5.2351,0.9777,0.0714,Yes,1.2514,,0.009,,1.5321,,,17.741,35.2001,8.7296,,,,,,,28.1533,1.7417,26.3735,29.8969,,,,,,,,,100.0,0.0,3H; 3He(trit); SF6; 14C; 4He,1.03448; 5.23000; 3.23346; 59.42554; 0.00000,1.12653; 4.93538; 3.19527; 70.35286; 0.00000,1.03695; 4.77967; 2.42033; 69.95110; 0.00000,8.9%; 5.6%; 1.2%; 18.4%; 14.3%,0.2%; 8.6%; 25.1%; 17.7%; 19.9%
EDTRPAS1-37,291839099382801,EDTRPAS1,2017.183,Modern,DM,3,2,1,22.6662,0.0136,,,13.9565,,,0.0483,0.0134,0.035,0.826,0.908,,3.8046,,0.0352,,4.9441,,,10.1998,36.2808,13.0405,,,,,,,21.741,2.919,17.0773,25.1518,,,,,,,,,100.0,0.0,3H; SF6; 14C; 4He,1.01254; 5.41406; 77.96481; 0.00000,1.22566; 5.07070; 78.00314; 0.00000,1.01269; 1.21753; 3.49501; 77.73734,21.0%; 6.3%; 0.0%; 19.4%,0.0%; 77.5%; 95.5%; 2385773826383.8%
EDTRPAS1-33,291937099280501,EDTRPAS1,2017.175,Modern,DM,4,2,2,31.2915,0.0053,,,29.3085,,,0.0134,0.4322,-0.4187,0.9933,0.8057,Yes,0.65,,0.0053,,1.5807,,,23.4686,36.7685,6.6499,,,,,,,31.7286,1.0858,30.6275,32.8609,,,,,,,,,100.0,0.0,3H; 3He(trit); SF6; 14C; 4He,1.10031; 6.30000; 2.17213; 76.12434; 0.00000,1.19980; 6.05650; 2.14429; 71.55168; 0.00000,1.10034; 6.30699; 2.13573; 71.17287; 0.00000,9.0%; 3.9%; 1.3%; 6.0%; 14.9%,0.0%; 0.1%; 1.7%; 6.5%; 20.2%
EDTRPAS1-31,292119098524901,EDTRPAS1,2017.161,Modern,DM,3,2,1,31.1975,0.0028,,,29.6115,,,0.0,0.0055,-0.0055,0.9964,0.9406,Yes,0.0458,,0.0005,,1.9466,,,23.3981,41.719,9.1604,,,,,,,32.1768,1.4266,30.8739,33.5957,,,,,,,,,100.0,0.0,3H; SF6; 14C; 4He,1.17555; 2.10493; 71.05903; 0.00000,1.17512; 2.10561; 71.37776; 0.00000,1.17554; 7.61770; 2.10971; 71.58064,0.0%; 0.0%; 0.4%; 95.0%,0.0%; 261.9%; 97.0%; 66190119934.4%
EDTRPAS1-32,292424098421501,EDTRPAS1,2017.164,Modern,DM,4,2,2,32.061,0.0017,,,28.1582,,,0.077,1.5221,-1.4451,0.9622,0.4672,Yes,1.5013,,0.0137,,1.9465,,,22.4427,37.7104,7.6338,,,,,,,30.8243,2.7351,29.5779,32.6609,,,,,,,,,100.0,0.0,3H; 3He(trit); SF6; 14C; 4He,0.98119; 7.23000; 2.30206; 66.75239; 0.00000,1.19849; 6.17742; 2.23679; 71.90059; 0.00000,0.98163; 4.18789; 2.23994; 70.04888; 0.00000,22.1%; 14.6%; 2.8%; 7.7%; 91.6%,0.0%; 42.1%; 2.7%; 4.9%; 92.7%
EDTRPAS1-42,292604098563201,EDTRPAS1,2017.233,Modern,DM,4,2,2,30.6951,0.0076,,,31.3748,,,0.0571,8.981,-8.9239,0.9719,0.0112,Yes,1.4204,,0.0122,,1.7721,,,26.0909,36.3182,5.1137,,,,,,,31.9256,1.0268,30.829,32.9358,,,,,,,,,100.0,0.0,3H; 3He(trit); SF6; 14C; 4He,0.99060; 6.62500; 2.14027; 72.62237; 0.00000,1.19358; 5.87587; 2.04637; 71.20341; 0.00000,0.99692; 5.15040; 1.65254; 71.88387; 0.00000,20.5%; 11.3%; 4.4%; 2.0%; 10.0%,0.6%; 22.3%; 22.8%; 1.0%; 7.9%
EDTRPAS1-28,293127098473201,EDTRPAS1,2017.156,Modern,DM,4,2,2,30.5696,0.0011,,,28.4313,,,0.0671,2.598,-2.5308,0.967,0.2728,Yes,1.1921,,0.0025,,1.7536,,,22.9272,35.251,6.1619,,,,,,,,,,,,,,,,,,,100.0,0.0,3H; 3He(trit); SF6; 14C; 4He,1.04389; 4.81000; 2.14093; 60.86386; 0.00000,1.14743; 5.29993; 2.44181; 70.89722; 0.00000,1.04365; 5.09096; 2.24241; 70.49312; 0.00000,9.9%; 10.2%; 14.1%; 16.5%; 92.5%,0.0%; 5.8%; 4.7%; 15.8%; 93.0%
EDTRPAS1-45,293127098573701,EDTRPAS1,2017.238,Modern,DM,3,2,1,20.9116,0.1227,,,11.3564,,,0.0044,0.0,0.0044,0.947,0.9989,,1.3993,,0.0388,,5.632,,,4.1823,49.9664,22.892,,,,,,,18.9722,3.759,15.242,23.0466,,,,,,,,,100.0,0.0,3H; SF6; 14C; 4He,1.53605; 6.11230; 83.44760; 0.00000,1.53022; 6.17458; 88.92424; 0.00000,1.53605; 2.11186; 6.11293; 83.45815,0.4%; 1.0%; 6.6%; 1027.6%,0.0%; 65.4%; 92.7%; 26213872222506.1%
EDTRPAS1-49,294019098114701,EDTRPAS1,2017.298,Modern,DM,4,2,2,21.5416,0.054,,,28.2468,,,0.2223,0.0325,0.1898,0.8948,0.9839,,4.9361,,0.0612,,4.9761,,,10.7708,26.4494,7.8393,,,,,,,20.7059,3.1489,17.8425,22.7233,,,,,,,,,100.0,0.0,3H; 3He(trit); SF6; 14C; 4He,0.99373; 4.31000; 7.59206; 71.28904; 0.00000,1.31827; 3.91307; 5.15531; 66.68317; 0.00000,0.99369; 4.42756; 2.27567; 70.11077; 0.00000,32.7%; 9.2%; 32.1%; 6.5%; 89.9%,0.0%; 2.7%; 70.0%; 1.7%; 86.7%
EDTRPAS1-50,295327097560401,EDTRPAS1,2017.334,Modern,DM,3,2,1,16.5395,0.001,,,10.0097,,,0.005,99.8323,-99.8273,0.9436,0.0,Yes,0.8382,,0.0061,,5.2982,,,4.1349,40.5086,18.1869,,,,,,,18.3002,3.1539,15.6251,22.0493,,,,,,,,,100.0,0.0,3H; SF6; 14C; 4He,1.19749; 6.64366; 78.25107; 0.00000,1.24468; 6.37376; 74.93353; 0.00000,1.31674; 0.99696; 6.27247; 72.09237,3.9%; 4.1%; 4.2%; 98.8%,10.0%; 85.0%; 92.0%; 29636783582.0%
EDTRPAS1-41,291219099095601,EDTRPAS1,2017.233,Mixed,BMM-DM-DM,4,2,2,29.2111,0.01,0.8537,200.0,25.98,0.8859,,0.1641,5.676,-5.5119,0.9212,0.0585,Yes,3.3493,0.1669,,,3.2979,0.0249,,16.0661,35.9963,9.9651,0.3537,0.997,0.3216,,,,28.6707,1.9705,27.2363,30.3409,0.8308,0.0551,0.7866,0.8729,,,,,100.0,0.0,3H; 3He(trit); SF6; 14C; 4He,0.83386; 6.80000; 2.98184; 73.86800; 0.00000,1.00229; 4.91120; 2.34160; 74.29276; 0.00000,0.83428; 3.11765; 2.33861; 73.04716; 0.00000,20.2%; 27.8%; 21.5%; 0.6%; 96.3%,0.1%; 54.2%; 21.6%; 1.1%; 98.2%
EDTRPAS1-35,291232099470301,EDTRPAS1,2017.181,Mixed,BMM-DM-DM,4,2,2,27.9778,0.01,0.8871,1000.0,32.156,0.8171,,0.1717,8.0255,-7.8539,0.9177,0.0181,Yes,3.8648,0.1819,,,1.8197,0.0633,,13.9889,35.2639,10.6375,0.1871,0.997,0.405,,,,27.8076,1.6212,26.2126,29.3199,0.8649,0.0511,0.8227,0.9085,,,,,100.0,0.0,3H; 3He(trit); SF6; 14C; 4He,0.85893; 6.15000; 4.09605; 70.85080; 0.00000,1.02841; 4.47470; 3.11481; 73.26820; 0.00000,0.85930; 5.36338; 1.27806; 74.72252; 0.00000,19.7%; 27.2%; 24.0%; 3.4%; 81.5%,0.0%; 12.8%; 68.8%; 5.5%; 95.7%
EDTRPAS1-29,291358098531901,EDTRPAS1,2017.159,Mixed,BMM-DM-DM,4,2,2,42.028,0.01,0.1365,11500.0,45.6263,0.1086,,0.9536,0.418,0.5356,0.6208,0.8114,,14.1282,0.2481,,,0.1085,0.0,,4.2028,47.3587,21.5779,0.0137,0.2475,0.1169,,,,,,,,,,,,,,,,100.0,0.0,3H; 3He(trit); SF6; 14C; 4He,0.38871; 8.43000; 2.99852; 25.35995; 0.00000,0.39522; 7.94723; 0.10088; 28.59126; 0.00000,0.38871; 8.33322; 0.04009; 26.99725; 0.00000,1.7%; 5.7%; 96.6%; 12.7%; 3.1%,0.0%; 1.1%; 98.7%; 6.5%; 99.6%
EDTRPAS1-46,291645098464301,EDTRPAS1,2017.257,Mixed,BMM-DM-DM,3,2,1,35.188,0.01,0.2213,23500.0,34.649,0.2828,,0.0014,6.4675,-6.4662,0.9702,0.011,Yes,0.3239,0.0053,,,0.1635,0.0,,26.391,41.8938,7.7514,0.0213,0.3605,0.1696,,,,35.2102,1.2118,34.0944,36.4588,0.2181,0.0157,0.2017,0.2344,,,,,100.0,0.0,3H; SF6; 14C; 4He,0.33542; 0.41877; 13.53391; 0.00000,0.32962; 0.41565; 13.96973; 0.00000,0.33504; 4.15029; 0.35096; 16.76953,1.7%; 0.7%; 3.2%; 8.6%,0.1%; 891.1%; 97.4%; 14481712416.6%
EDTRPAS1-30,291828098485301,EDTRPAS1,2017.161,Mixed,BMM-DM-DM,4,2,2,30.1719,0.01,0.7412,3000.0,39.2082,0.4167,,0.3256,0.0069,0.3187,0.8498,0.9966,,5.7354,0.2011,,,2.3362,0.1036,,16.5945,37.753,10.5792,0.3412,0.997,0.3279,,,,29.7854,1.4968,28.3374,31.2122,0.7307,0.0327,0.7005,0.7585,,,,,100.0,0.0,3H; 3He(trit); SF6; 14C; 4He,0.73981; 9.57000; 2.95499; 63.16354; 0.00000,0.89196; 5.10015; 2.24838; 68.80100; 0.00000,0.73984; 9.48708; 0.31547; 62.70431; 0.00000,20.6%; 46.7%; 23.9%; 8.9%; 89.1%,0.0%; 0.9%; 89.3%; 0.7%; 99.5%
EDTRPAS1-34,291943099163301,EDTRPAS1,2017.178,Mixed,BMM-DM-DM,4,2,2,30.3118,0.01,0.6653,3000.0,31.1497,0.7841,,0.0039,0.2015,-0.1976,0.9981,0.9042,Yes,0.3483,0.0197,,,1.2431,0.0347,,22.7339,35.7421,6.5041,0.1653,0.997,0.4159,,,,30.1101,1.3411,28.6754,31.47,0.6536,0.0637,0.5953,0.7098,,,,,100.0,0.0,3H; 3He(trit); SF6; 14C; 4He,0.79310; 4.92000; 1.44296; 70.79745; 0.00000,0.80240; 4.94678; 1.44881; 66.48273; 0.00000,0.79329; 4.69682; 1.34509; 70.89511; 0.00000,1.2%; 0.5%; 0.4%; 6.1%; 17.4%,0.0%; 4.5%; 6.8%; 0.1%; 96.4%
EDTRPAS1-43,292215098580201,EDTRPAS1,2017.236,Mixed,BMM-DM-DM,4,2,2,32.1157,0.01,0.7661,1000.0,28.3692,0.8845,,0.1033,2.4007,-2.2974,0.9497,0.3011,Yes,2.0061,0.1153,,,1.7767,0.0211,,20.8752,37.5589,8.3418,0.1661,0.997,0.4154,,,,30.6767,4.9623,29.7456,33.073,0.7354,0.0902,0.6874,0.7983,,,,,100.0,0.0,3H; 3He(trit); SF6; 14C; 4He,0.83699; 8.13000; 1.99917; 69.41539; 0.00000,0.97790; 6.27439; 1.71911; 73.37065; 0.00000,0.83702; 3.76515; 1.93089; 73.60120; 0.00000,16.8%; 22.8%; 14.0%; 5.7%; 97.6%,0.0%; 53.7%; 3.4%; 6.0%; 99.7%
EDTRPAS1-04/EDTRETN1-01,293116098334101,EDTRPAS1/EDTRETN1,2017.255,Modern,BMM-DM-DM,4,1,3,35.0,0.01,0.6149,5000.0,,0.7847,,1.017,1.6896,-0.6726,0.7971,0.6393,Yes,,0.2909,,,,0.0,,,,,0.2149,0.997,0.391,,,,,,,,0.6041,0.0436,0.5667,0.6479,,,,,100.0,0.0,3H; 3He(trit); SF6; 14C; 4He,0.95925; 6.81000; 96.71021; 72.29282; 0.00000,0.90565; 7.81998; 0.97583; 64.38267; 0.00000,0.95025; 7.51978; 0.94034; 71.99383; 0.00000,5.6%; 14.8%; 99.0%; 10.9%; 76.3%,0.9%; 10.4%; 99.0%; 0.4%; 0.1%
EDTRPAS1-05/EDTRETN1-03,292331098294501,EDTRPAS1/EDTRETN1,2017.252,Mixed,BMM-DM-DM,3,2,1,28.2125,0.01,0.6525,14500.0,27.6767,0.7572,,0.015,0.0,0.015,0.9024,0.9995,,1.6451,0.0572,,,4.4019,0.0203,,16.9275,38.5006,10.7866,0.1525,0.997,0.4223,,,,28.3853,4.0656,24.9086,32.315,0.6213,0.0578,0.5787,0.6694,,,,,100.0,0.0,3H; SF6; 14C,0.70846; 1.76162; 55.83221,0.75501; 1.75855; 50.05210,0.70846; 3.37436; 1.76155,6.6%; 0.2%; 10.4%,0.0%; 91.5%; 96.8%
EDTRPAS1-44,293512098291701,EDTRPAS1,2017.236,Mixed,BMM-DM-DM,4,2,2,18.6068,0.01,0.6159,200.0,17.7173,0.7407,,0.0046,0.3472,-0.3426,0.9977,0.8407,Yes,0.9239,0.0285,,,4.8226,0.0756,,7.4427,30.1038,11.3305,0.1159,0.997,0.4405,,,,,,,,,,,,,,,,100.0,0.0,3H; 3He(trit); SF6; 14C; 4He,0.81818; 2.56000; 3.44446; 69.34086; 0.00000,0.79200; 2.66321; 3.57355; 67.78680; 0.00000,0.81831; 2.04282; 3.29024; 68.49505; 0.00000,3.2%; 4.0%; 3.7%; 2.2%; 86.7%,0.0%; 20.2%; 4.5%; 1.2%; 97.3%
EDTRPAS1-40,302621097393601,EDTRPAS1,2017.222,Modern,BMM-DM-DM,4,2,2,14.3747,0.01,0.9673,38.0,3.6837,0.8557,,0.0936,0.0768,0.0168,0.9543,0.9623,,4.5658,0.0426,,,0.2605,0.1105,,3.5937,25.3907,10.8985,0.7673,0.997,0.1148,,,,,,,,,,,,,,,,100.0,0.0,3H; 3He(trit); SF6; 14C; 4He,1.89969; 2.23000; 6.78445; 84.27852; 0.00000,1.44471; 2.30375; 8.05349; 85.21055; 0.00000,1.89962; 2.57179; 7.00696; 82.98967; 0.00000,24.0%; 3.3%; 18.7%; 1.1%; 99.5%,0.0%; 15.3%; 3.3%; 1.5%; 99.9%
EDTRPAS1-38,304819097361101,EDTRPAS1,2017.216,PreModern,DM,3,2,1,45819.1758,0.0092,,,45434.8351,,,2.0,0.2613,1.7387,0.1573,0.6092,,22486729.4392,,76.0765,,0.0007,,,41237.2582,50000.0,4381.3709,,,,,,,,,,,,,,,,,,,,,3H; SF6; 14C; 4He,-0.07210; 0.35781; 0.43860; 0.00000,0.00000; 0.00000; 0.43860; 0.00000,0.00000; 2.46007; 0.00000; 0.46100,100.0%; 100.0%; 0.0%; 0.1%,100.0%; 587.5%; 100.0%; 36941961.9%
EDTRPAS1-39,300453097503301,EDTRPAS1,2017.219,Modern,DM,4,2,2,26.8593,0.0172,,,28.1623,,,0.0677,7.5607,-7.493,0.9667,0.0228,Yes,2.41,,0.0232,,1.8118,,,14.7726,32.2533,8.7403,,,,,,,26.4911,1.5875,24.7635,28.1664,,,,,,,,,100.0,0.0,3H; 3He(trit); SF6; 14C; 4He,0.98433; 5.02000; 4.07980; 72.94895; 0.00000,1.19769; 4.59088; 3.66080; 69.07687; 0.00000,0.98694; 4.28204; 2.26506; 70.05392; 0.00000,21.7%; 8.5%; 10.3%; 5.3%; 32.6%,0.3%; 14.7%; 44.5%; 4.0%; 29.2%
EDTRPAS1-48,303809097404701,EDTRPAS1,2017.271,Modern,DM,3,2,1,18.934,1.4635,,,2.9197,,,0.0651,0.0599,0.0051,0.7987,0.8066,,20.9584,,3.912,,6.8661,,,1.8934,233.7854,115.946,,,,,,,14.3314,7.9548,6.1047,23.2264,,,,,,,,,100.0,0.0,3H; SF6; 14C; 4He,2.60815; 8.60845; 85.11484; 0.00000,1.97957; 9.19580; 89.21410; 0.00000,2.61091; 0.44736; 8.29620; 83.85763,24.1%; 6.8%; 4.8%; 31.0%,0.1%; 94.8%; 90.3%; 1786908043770.6%
EDTRPAS1-47,305624097321101,EDTRPAS1,2017.271,Modern,DM,3,2,1,4.7281,0.0011,,,7.8327,,,0.2865,0.0521,0.2344,0.5925,0.8194,,1.0577,,0.0093,,0.1186,,,0.5,43.9716,21.7358,,,,,,,4.7296,0.005,4.726,4.7321,,,,,,,,,100.0,0.0,3H; SF6; 14C; 4He,1.63323; 22.46124; 74.55398; 0.00000,2.06416; 12.00070; 74.68649; 0.00000,1.63325; 0.89410; 6.88256; 76.25645,26.4%; 46.6%; 0.2%; 99.2%,0.0%; 96.0%; 90.8%; 74661673257.1%
SCTXLUSRC1-11,293252098380801,SCTXLUSRC1,2017.835,Modern,DM,4,2,2,17.4647,0.001,,,22.1536,,,3.7389,0.1417,3.5973,0.1542,0.9316,,2.7843,,0.0069,,1.8664,,,6.1127,21.6423,7.7648,,,,,,,16.198,0.6906,15.4972,16.9265,,,,,,,,,100.0,0.0,3H; 3He(trit); SF6; 14C; 4He,1.07210; 0.94000; 3.67048; 80.61971; -0.00000,1.20015; 2.00771; 9.39743; 80.49846; 0.00000,1.06833; 4.31841; 3.69069; 83.60787; 0.00000,11.9%; 113.6%; 156.0%; 0.2%; 201.9%,0.4%; 359.4%; 0.6%; 3.7%; 229.5%
SCTXLUSRC1-08,293359098405401,SCTXLUSRC1,2017.827,Modern,DM,3,2,1,15.005,0.0018,,,9.3393,,,0.0035,3.79,-3.7864,0.9525,0.0516,Yes,0.5429,,0.0311,,2.879,,,0.7503,42.1671,20.7084,,,,,,,14.9115,1.6018,13.5245,16.0146,,,,,,,,,100.0,0.0,3H; SF6; 14C; 4He,1.34796; 7.82876; 89.38341; -0.00000,1.36106; 7.64524; 84.56631; 0.00000,1.45216; 1.23979; 6.59581; 81.84064,1.0%; 2.3%; 5.4%; 224.0%,7.7%; 84.2%; 92.6%; 3939912139401.6%
SCTXLUSRC1-10,293404098382001,SCTXLUSRC1,2017.832,Modern,DM,4,2,2,10.5141,0.001,,,5.5161,,,1.9227,7.2768,-5.3542,0.3824,0.0263,Yes,1.6798,,0.0054,,0.8868,,,3.6799,17.4815,6.9008,,,,,,,10.3812,0.1522,10.2316,10.5158,,,,,,,,,100.0,0.0,3H; 3He(trit); SF6; 14C; 4He,1.43887; 0.76000; 4.57878; 86.04892; -0.00000,1.59593; 1.28822; 10.04605; 82.26119; 0.00000,1.80803; 0.79328; 7.69274; 79.94929; 0.00000,10.9%; 69.5%; 119.4%; 4.4%; 105.6%,25.7%; 4.4%; 68.0%; 7.1%; 103.0%
SCTXLUSRC1-09,293405098394201,SCTXLUSRC1,2017.83,Modern,DM,4,2,2,5.2445,0.1744,,,4.4948,,,0.7588,8.6243,-7.8655,0.6843,0.0134,Yes,2.8003,,1.2558,,10.7485,,,1.3111,9.2673,3.9781,,,,,,,5.3275,0.6213,4.6887,5.9429,,,,,,,,,100.0,0.0,3H; 3He(trit); SF6; 14C; 4He,4.25392; 0.62000; 6.27478; 87.11111; 0.00000,2.12955; 0.72003; 10.60404; 79.65462; 0.00000,1.92497; 0.65769; 7.99110; 79.45166; 0.00000,49.9%; 16.1%; 69.0%; 8.6%; 15.5%,54.7%; 6.1%; 27.4%; 8.8%; 0.1%
SCTXLUSRC1-16,293436098343001,SCTXLUSRC1,2017.851,Modern,DM,4,2,2,22.8709,0.0095,,,16.6824,,,0.0032,0.2751,-0.2718,0.9984,0.8715,Yes,0.4587,,0.0115,,1.5066,,,11.4355,30.8297,9.6971,,,,,,,22.1963,1.1138,21.0723,23.4331,,,,,,,,,100.0,0.0,3H; 3He(trit); SF6; 14C; 4He,1.17241; 3.11000; 5.08346; 79.10629; 0.00000,1.19001; 3.14336; 5.14352; 83.26785; 0.00000,1.21557; 3.09046; 4.92229; 80.58895; 0.00000,1.5%; 1.1%; 1.2%; 5.3%; 96.9%,3.7%; 0.6%; 3.2%; 1.9%; 97.8%
SCTXLUSRC1-01/EDTRETN1-02,293516098325501,SCTXLUSRC1,2017.964,Modern,DM,4,2,2,10.279,0.001,,,9.727,,,0.4605,0.9911,-0.5307,0.7943,0.6092,Yes,0.1506,,0.0046,,2.0997,,,3.5977,13.5395,4.9709,,,,,,,10.3471,0.1136,10.2516,10.4498,,,,,,,,,100.0,0.0,3H; 3He(trit); SF6; 14C; 4He,1.25705; 0.79000; 6.69003; 85.74208; 0.00000,1.61765; 1.26317; 7.57770; 82.06954; 0.00000,1.36520; 1.23820; 6.53300; 81.94841; 0.00000,28.7%; 59.9%; 13.3%; 4.3%; 96.8%,8.6%; 56.7%; 2.3%; 4.4%; 97.0%
SCTXLUSRC1-24,293534098282801,SCTXLUSRC1,2017.947,Modern,DM,4,2,2,26.6973,0.0591,,,19.8169,,,0.0252,1.1275,-1.1023,0.9875,0.5691,Yes,1.4242,,0.0181,,1.1171,,,16.0184,31.4427,7.7121,,,,,,,24.9555,1.3383,23.6194,26.2458,,,,,,,,,100.0,0.0,3H; 3He(trit); SF6; 14C; 4He,1.53605; 8.35000; 4.50630; 76.83035; 0.00000,1.40248; 8.52229; 4.65298; 86.60992; 0.00000,1.43615; 8.48491; 4.74071; 81.73707; 0.00000,8.7%; 2.1%; 3.3%; 12.7%; 98.1%,6.5%; 1.6%; 5.2%; 6.4%; 98.6%
SCTXLUSRC1-25,293535098304101,SCTXLUSRC1,2017.95,Modern,DM,4,2,2,3.0089,0.0052,,,16.9484,,,2.5557,0.1811,2.3746,0.2786,0.9134,,2.4029,,6.2517,,1.9381,,,2.5576,3.765,0.6037,,,,,,,3.2565,0.465,2.8198,3.67,,,,,,,,,100.0,0.0,3H; 3He(trit); SF6; 14C; 4He,1.09091; 0.31000; 4.81216; 89.44602; -0.00000,2.27680; 0.41991; 10.15613; 78.49356; 0.00000,1.09362; 2.18401; 4.78389; 85.68263; 0.00000,108.7%; 35.5%; 111.1%; 12.2%; 105.8%,0.2%; 604.5%; 0.6%; 4.2%; 133.0%
SCTXLUSRC1-27,293643098264001,SCTXLUSRC1,2017.964,Modern,DM,4,2,2,19.303,0.0055,,,15.6204,,,0.0002,0.0079,-0.0077,0.9999,0.996,Yes,0.1088,,0.0052,,2.0895,,,7.7212,28.9611,10.62,,,,,,,18.6925,1.1136,17.5762,19.8608,,,,,,,,,100.0,0.0,3H; 3He(trit); SF6; 14C; 4He,1.21944; 2.45000; 6.36594; 80.60052; 0.00000,1.23275; 2.44389; 6.34778; 81.35072; 0.00000,1.21816; 2.45071; 5.15942; 79.88801; 0.00000,1.1%; 0.2%; 0.3%; 0.9%; 98.6%,0.1%; 0.0%; 19.0%; 0.9%; 98.9%
SCTXLUSRC1-23,293746098265401,SCTXLUSCR1,2017.945,Modern,DM,4,2,2,16.2306,0.001,,,14.565,,,0.0104,0.0014,0.009,0.9948,0.9993,,0.9644,,0.0064,,1.3479,,,7.3038,26.539,9.6176,,,,,,,16.9936,0.8716,16.103,17.7624,,,,,,,,,100.0,0.0,3H; 3He(trit); SF6; 14C; 4He,1.19122; 1.89000; 6.46433; 79.47407; 0.00000,1.25811; 1.87501; 5.91719; 79.82152; 0.00000,1.19101; 1.89043; 5.34717; 79.18163; 0.00000,5.6%; 0.8%; 8.5%; 0.4%; 97.8%,0.0%; 0.0%; 17.3%; 0.4%; 98.0%
SCTXSUS1-19/EDTRVFPS1-02,291709099530401,SCTXSUS1/EDTRVFPS1,2018.326,Modern,DM,4,2,2,18.942,0.0552,,,14.1876,,,0.0025,0.9057,-0.9032,0.9987,0.6358,Yes,0.5107,,0.0093,,1.4847,,,7.5768,24.2533,8.3382,,,,,,,19.5998,1.2063,18.3155,20.9867,,,,,,,,,100.0,0.0,3H; 3He(trit); SF6; 14C; 4He,1.25705; 2.74000; 6.06888; 87.05023; 0.00000,1.30279; 2.71790; 5.86781; 86.61273; 0.00000,1.32691; 2.71931; 5.64121; 84.37302; 0.00000,3.6%; 0.8%; 3.3%; 0.5%; 97.0%,5.6%; 0.8%; 7.0%; 3.1%; 97.8%
SCTXSUS1-17,292213099390601,SCTXSUS1,2018.312,Modern,DM,2,1,1,22.8417,0.002,,,13.5143,,,0.0008,0.6439,-0.6431,0.9774,0.4223,Yes,3.4198,,0.0124,,3.2552,,,2.2842,45.2051,21.4605,,,,,,,22.6978,3.1918,20.2788,25.6577,,,,,,,,,100.0,0.0,3H; 14C,1.20690; 90.87546,1.19467; 88.46684,1.18899; 1.69139,1.0%; 2.7%,1.5%; 98.1%
SCTXSUS1-16,292309099330701,SCTXSUS1,2018.309,Modern,DM,2,1,1,28.1346,0.001,,,24.6852,,,0.0295,0.0473,-0.0178,0.8636,0.8278,Yes,9.7984,,0.0149,,4.8152,,,11.2539,42.4517,15.5989,,,,,,,28.1157,0.5139,27.8989,28.3516,,,,,,,,,100.0,0.0,3H; 14C,0.85580; 71.53339,0.99837; 74.52062,0.86225; 3.49641,16.7%; 4.2%,0.8%; 95.1%
SCTXSUS1-22,292325099413101,SCTXSUS1,2018.334,Modern,DM,2,1,1,21.0556,0.0611,,,11.5145,,,0.0,0.3775,-0.3775,1.0,0.539,Yes,0.0001,,0.0,,2.1405,,,2.1056,43.0671,20.4808,,,,,,,22.9426,6.7398,16.2578,30.3702,,,,,,,,,100.0,0.0,3H; 14C,1.28527; 88.00656,1.28527; 88.00651,1.27550; 1.44595,0.0%; 0.0%,0.8%; 98.4%
SCTXSUS1-15/EDTRVFPS1-01,292346099594701,SCTXSUS1/EDTRVFPS1,2018.307,Modern,DM,4,2,2,4.4933,0.0159,,,8.7037,,,1.5303,0.2236,1.3067,0.4653,0.8942,,3.1046,,0.1624,,2.3495,,,0.5,8.0406,3.7703,,,,,,,3.9762,0.5504,3.4988,4.4385,,,,,,,,,100.0,0.0,3H; 3He(trit); SF6; 14C; 4He,1.57994; 0.45000; 6.96415; 95.91588; 0.00000,2.14047; 0.61443; 14.79869; 88.91650; 0.00000,1.57977; 1.24042; 6.91935; 91.42291; 0.00000,35.5%; 36.5%; 112.5%; 7.3%; 98.7%,0.0%; 175.6%; 0.6%; 4.7%; 97.5%
SCTXSUS1-21/EDTRVFPS1-05,292352099354501,SCTXSUS1/EDTRVFPS1,2018.331,Modern,DM,4,2,2,31.9249,0.001,,,27.2651,,,0.0293,1.8831,-1.8538,0.9854,0.39,Yes,0.8002,,0.0029,,1.1491,,,23.9436,36.6231,6.3397,,,,,,,30.8972,0.7866,30.1675,31.7654,,,,,,,,,100.0,0.0,3H; 3He(trit); SF6; 14C; 4He,1.15361; 4.97000; 2.58579; 81.93757; 0.00000,1.08022; 5.47004; 2.82094; 88.74467; 0.00000,1.01707; 5.09738; 2.67865; 86.33291; 0.00000,6.4%; 10.1%; 9.1%; 8.3%; 18.2%,11.8%; 2.6%; 3.6%; 5.4%; 30.0%
SCTXSUS1-23,292447099371601,SCTXSUS1,2018.364,Modern,DM,2,1,1,19.2774,0.1102,,,9.8433,,,0.0,0.3784,-0.3784,1.0,0.5385,Yes,0.002,,0.0,,1.2459,,,1.9277,57.8322,27.9522,,,,,,,20.8553,7.4345,14.257,29.194,,,,,,,,,100.0,0.0,3H; 14C,1.42633; 98.03475,1.42633; 98.03328,1.42002; 1.29628,0.0%; 0.0%,0.4%; 98.7%
SCTXSUS1-18/EDTRVFPS1-03,292544099451001,SCTXSUS1/EDTRVFPS1,2018.315,Modern,DM,4,2,2,5.9002,0.0011,,,6.2562,,,0.1023,2.059,-1.9567,0.9501,0.3572,Yes,0.4526,,0.0033,,0.6916,,,1.7701,13.4668,5.8484,,,,,,,6.201,0.4929,5.8677,6.8693,,,,,,,,,100.0,0.0,3H; 3He(trit); SF6; 14C; 4He,1.50470; 0.83000; 7.83259; 96.00871; 0.00000,1.96220; 0.77336; 8.06050; 89.68314; 0.00000,1.66880; 0.88284; 7.61087; 90.05770; 0.00000,30.4%; 6.8%; 2.9%; 6.6%; 95.4%,10.9%; 6.4%; 2.8%; 6.2%; 95.0%
SCTXSUS1-20/EDTRVFPS1-04,292651099401601,SCTXSUS1/EDTRVFPS1,2018.329,Modern,DM,4,2,2,10.9729,0.001,,,9.5869,,,0.004,0.3322,-0.3283,0.998,0.8469,Yes,0.3791,,0.0018,,1.3752,,,2.1946,19.9825,8.894,,,,,,,11.1437,0.6739,10.5948,11.7187,,,,,,,,,100.0,0.0,3H; 3He(trit); SF6; 14C; 4He,1.51724; 1.33000; 8.48688; 97.60471; 0.00000,1.55250; 1.32691; 8.26295; 92.51921; 0.00000,1.51141; 1.33220; 6.74014; 91.99353; 0.00000,2.3%; 0.2%; 2.6%; 5.2%; 98.3%,0.4%; 0.2%; 20.6%; 5.7%; 98.5%
SCTXSUS1-24/EDTRVFPS1-09,292656099000701,SCTXSUS1/EDTRVFPS1,2018.367,Modern,DM,4,2,2,30.6087,0.0039,,,25.4235,,,0.013,0.1846,-0.1716,0.9935,0.9118,Yes,0.6963,,0.0047,,1.3376,,,21.4261,36.3652,7.4696,,,,,,,29.6995,0.7996,28.8596,30.5072,,,,,,,,,100.0,0.0,3H; 3He(trit); SF6; 14C; 4He,0.97492; 5.23000; 3.13426; 77.47264; 0.00000,1.05544; 4.98036; 3.06350; 81.98045; 0.00000,1.00494; 5.18789; 3.10675; 79.60330; 0.00000,8.3%; 4.8%; 2.3%; 5.8%; 33.8%,3.1%; 0.8%; 0.9%; 2.8%; 11.3%
SCTXSUS1-13/EDTRVFPS1-08,292754099014701,SCTXSUS1/EDTRVFPS1,2018.274,Mixed,BMM-DM-DM,4,2,2,28.0,0.01,0.6377,8464.3408,,0.836,1856.4216,0.2474,6.6807,-6.4333,0.8837,0.0354,Yes,,0.1545,,19803.4067,,0.0601,699.4984,,,,0.1377,0.997,0.4297,846.4341,25393.0225,12273.2942,,,,,0.6346,0.0472,0.5862,0.6811,11529.2608,9150.0103,4951.8188,19978.4771,100.0,0.0,3H; 3He(trit); SF6; 14C; 4He,0.78056; 7.31000; 2.06245; 56.63601; 0.00000,0.69666; 3.88703; 2.32766; 56.91920; 0.00000,0.74137; 4.20103; 2.05635; 70.98760; 0.00000,10.7%; 46.8%; 12.9%; 0.5%; 848.6%,5.0%; 42.5%; 0.3%; 25.3%; 0.9%
SCTXSUS1-25/EDTRVFPS1-06,292804099151301,SCTXSUS1/EDTRVFPS1,2018.37,Modern,DM,4,2,2,25.2213,0.0331,,,17.6148,,,0.0313,2.5072,-2.4759,0.9845,0.2855,Yes,1.6693,,0.0149,,1.4911,,,13.8717,29.7601,7.9442,,,,,,,24.119,1.4524,22.5772,25.5359,,,,,,,,,100.0,0.0,3H; 3He(trit); SF6; 14C; 4He,1.42947; 4.32000; 4.55303; 85.43366; 0.00000,1.18900; 4.44834; 4.75944; 84.82363; 0.00000,1.24927; 4.40598; 4.90729; 80.96896; 0.00000,16.8%; 3.0%; 4.5%; 0.7%; 5.2%,12.6%; 2.0%; 7.8%; 5.2%; 26.3%
SCTXSUS1-14/EDTRVFPS1-07,293044099021101,SCTXSUS1/EDTRVFPS1,2018.276,Mixed,BMM-DM-DM,4,2,2,8.0,0.01,0.4273,285.1258,,0.4699,501.0162,0.1785,6.0195,-5.841,0.9146,0.0493,Yes,,0.0832,,1333.8857,,0.0387,62.3297,,,,0.2273,0.7059,0.2393,71.2815,855.3775,392.048,,,,,0.4267,0.0372,0.3909,0.46,352.9851,96.6801,284.9531,497.1699,100.0,0.0,3H; 3He(trit); SF6; 14C; 4He,0.69279; 1.78000; 5.92049; 66.56522; 0.00000,0.85883; 2.24819; 4.58818; 64.25697; 0.00000,0.76291; 2.16942; 3.34558; 63.52692; 0.00000,24.0%; 26.3%; 22.5%; 3.5%; 38.2%,10.1%; 21.9%; 43.5%; 4.6%; 0.1%
SCTXSUS1-12/EDTRVFPS1-10,293130098573801,SCTXSUS1/EDTRVFPS1,2018.268,Modern,DM,4,2,2,15.6702,0.1335,,,10.4686,,,0.0026,1.04,-1.0374,0.9987,0.5945,Yes,0.5497,,0.0167,,1.3838,,,4.701,20.0993,7.6991,,,,,,,16.0775,1.4726,14.5216,17.7354,,,,,,,,,100.0,0.0,3H; 3He(trit); SF6; 14C; 4He,1.57367; 2.86000; 7.15118; 88.65220; 0.00000,1.53424; 2.87097; 7.27837; 85.02797; 0.00000,1.63143; 2.84836; 6.69652; 82.38754; 0.00000,2.5%; 0.4%; 1.8%; 4.1%; 98.4%,3.7%; 0.4%; 6.4%; 7.1%; 98.9%
SCTXSUS1-10/EDTRVFPS1-15,293432098292301,SCTXSUS1/EDTRVFPS1,2018.216,Mixed,BMM-DM-DM,4,2,2,14.0,0.01,0.2759,80.2475,,0.4674,78.4246,0.0423,0.1723,-0.13,0.9791,0.9175,Yes,,0.0332,,1.0588,,0.0371,0.8364,,,,0.0276,0.5033,0.2379,72.2228,240.7426,84.2599,,,,,0.276,0.0248,0.2505,0.3015,80.4071,0.7676,79.5603,81.1799,100.0,0.0,3H; 3He(trit); SF6; 14C; 4He,0.72100; 6.54000; 2.53175; 64.39310; 0.00000,0.59676; 6.97809; 2.75812; 65.11782; 0.00000,0.70291; 6.59011; 2.57810; 66.09569; 0.00000,17.2%; 6.7%; 8.9%; 1.1%; 97.7%,2.5%; 0.8%; 1.8%; 2.6%; 98.2%
SCTXSUS1-09/EDTRVFPS1-14,293451098313201,SCTXSUS1/EDTRVFPS1,2018.214,Mixed,BMM-DM-DM,4,2,2,10.0,0.01,0.5135,285.219,,0.6404,519.9975,0.0463,5.0298,-4.9835,0.9771,0.0809,Yes,,0.0517,,1174.5859,,0.0425,80.7594,,,,0.1135,0.8536,0.3701,71.3047,855.6569,392.1761,,,,,0.5119,0.0386,0.4722,0.5476,368.955,101.8513,284.8897,498.1178,100.0,0.0,3H; 3He(trit); SF6; 14C; 4He,0.79310; 1.96000; 5.11960; 75.88757; 0.00000,0.90331; 2.16976; 4.48564; 74.87682; 0.00000,0.89439; 1.94021; 4.18067; 74.68523; 0.00000,13.9%; 10.7%; 12.4%; 1.3%; 25.6%,12.8%; 1.0%; 18.3%; 1.6%; 0.0%
SCTXSUS1-08/EDTRVFPS1-13,293518098332601,SCTXSUS1/EDTRVFPS1,2018.214,Modern,DM,4,2,2,17.1661,0.001,,,13.2798,,,0.2093,3.9699,-3.7606,0.9006,0.1374,Yes,1.8804,,0.0048,,1.1024,,,8.583,22.4072,6.9121,,,,,,,17.053,0.5015,16.7432,17.4616,,,,,,,,,100.0,0.0,3H; 3He(trit); SF6; 14C; 4He,0.89028; 1.54000; 7.64801; 80.83573; 0.00000,1.19843; 1.94798; 6.58624; 80.15006; 0.00000,1.05006; 1.66499; 5.67614; 78.40493; 0.00000,34.6%; 26.5%; 13.9%; 0.8%; 95.8%,17.9%; 8.1%; 25.8%; 3.0%; 96.8%
SCTXSUS1-07/EDTRVFPS1-16,293551098244801,SCTXSUS1/EDTRVFPS1,2018.211,Modern,DM,4,2,2,18.0757,0.001,,,13.9164,,,0.0611,0.7798,-0.7187,0.9699,0.6771,Yes,2.4164,,0.0113,,1.2951,,,8.1341,27.0978,9.4819,,,,,,,17.9764,0.895,16.9584,18.8053,,,,,,,,,100.0,0.0,3H; 3He(trit); SF6; 14C; 4He,1.31975; 1.87000; 5.30688; 82.49400; 0.00000,1.17253; 2.07324; 6.31813; 80.61532; 0.00000,1.25241; 1.89329; 5.59919; 78.79995; 0.00000,11.2%; 10.9%; 19.1%; 2.3%; 97.5%,5.1%; 1.2%; 5.5%; 4.5%; 98.0%
SCTXSUS1-04/EDTRVFPS1-20,293745098162001,SCTXSUS1/EDTRVFPS1,2018.194,Mixed,BMM-DM-DM,3,2,1,32.0,0.01,0.2262,13049.916,,0.3209,13752.719,0.0622,3.9962,-3.934,0.8031,0.0456,Yes,,0.0405,,6739.7774,,0.0226,1334.0999,,,,0.1262,0.3806,0.1272,652.4958,39149.748,19248.6261,,,,,0.2243,0.0176,0.2071,0.2417,13488.5313,2702.4422,10790.9714,15726.9934,100.0,0.0,3H; SF6; 14C; 4He,0.33229; 0.56423; 30.22279; 0.00000,0.26429; 0.64462; 30.22279; 0.00000,0.30697; 4.23133; 0.55992; 35.38691,20.5%; 14.2%; 0.0%; 15.7%,7.6%; 649.9%; 98.1%; 14745219751.7%
SCTXSUS1-26/EDTRVFPS1-21,294321098111301,SCTXSUS1/EDTRVFPS1,2018.468,Modern,DM,4,2,2,15.2349,0.001,,,11.2231,,,0.0997,1.7505,-1.6508,0.9514,0.4168,Yes,1.0601,,0.0047,,0.9494,,,6.0939,21.621,7.7635,,,,,,,15.1634,1.6547,14.5308,16.5101,,,,,,,,,100.0,0.0,3H; 3He(trit); SF6; 14C; 4He,1.18809; 1.42000; 6.96833; 81.80400; 0.00000,1.34684; 1.82337; 6.95114; 79.07393; 0.00000,1.24495; 1.37183; 6.23672; 77.29356; 0.00000,13.4%; 28.4%; 0.2%; 3.3%; 53.8%,4.8%; 3.4%; 10.5%; 5.5%; 65.8%
SCTXSUS1-06/EDTRVFPS1-22,294531098082501,SCTXSUS1/EDTRVFPS1,2018.2,Modern,DM,3,2,1,16.0381,0.0238,,,14.4345,,,0.0007,0.0971,-0.0964,0.9784,0.7553,Yes,0.6599,,0.0271,,2.9297,,,6.4152,39.017,16.3009,,,,,,,21.334,1.9131,19.491,23.3174,,,,,,,,,100.0,0.0,3H; SF6; 14C; 4He,1.34796; 5.63046; 81.81243; 0.00000,1.34959; 5.60602; 79.62403; 0.00000,1.35093; 3.18461; 5.59551; 79.32015,0.1%; 0.4%; 2.7%; 99.9%,0.2%; 43.4%; 93.2%; 77225033255.1%
SCTXSUS1-11/EDTRVFPS1-24,294604098060801,SCTXSUS1/EDTRVFPS1,2018.257,Modern,DM,4,2,2,23.555,0.0529,,,20.2857,,,0.0331,0.5734,-0.5403,0.9836,0.7507,Yes,1.829,,0.0205,,1.5174,,,14.133,28.3,7.0835,,,,,,,25.7777,1.2293,24.5473,27.0517,,,,,,,,,100.0,0.0,3H; 3He(trit); SF6; 14C; 4He,1.10345; 4.97000; 4.36856; 78.43651; 0.00000,1.26575; 4.77537; 4.06880; 84.08904; 0.00000,1.15610; 4.91568; 4.25563; 82.48870; 0.00000,14.7%; 3.9%; 6.9%; 7.2%; 99.8%,4.8%; 1.1%; 2.6%; 5.2%; 99.8%
SCTXSUS1-03,295345098001001,SCTXSUS1,2018.192,Modern,DM,2,1,1,26.7913,0.001,,,19.6825,,,0.011,0.3533,-0.3423,0.9164,0.5523,Yes,2.3627,,0.0099,,4.5721,,,9.377,44.1816,17.4023,,,,,,,26.3822,2.0579,25.5503,27.8048,,,,,,,,,100.0,0.0,3H; 14C,1.00627; 66.90071,1.02721; 73.78136,1.02417; 2.60725,2.1%; 10.3%,1.8%; 96.1%
SCTXSUS1-05/EDTRVFPS1-23,295352098071201,SCTXSUS1/EDTRVFPS1,2018.197,Modern,DM,4,2,2,17.7264,0.001,,,15.6068,,,0.0335,2.0434,-2.0099,0.9834,0.36,Yes,0.7978,,0.0029,,1.4282,,,9.7495,26.8416,8.5461,,,,,,,17.5337,0.6508,16.9656,18.0967,,,,,,,,,100.0,0.0,3H; 3He(trit); SF6; 14C; 4He,1.08464; 1.88000; 6.40100; 92.50262; 0.00000,1.17659; 2.01452; 6.81568; 80.44318; 0.00000,1.09516; 1.92868; 5.14238; 79.52936; 0.00000,8.5%; 7.2%; 6.5%; 13.0%; 97.9%,1.0%; 2.6%; 19.7%; 14.0%; 98.1%
EDTRVFPS1-11,291231098565901,EDTRVFPS1,2018.372,Mixed,BMM-DM-DM,3,2,1,14.0,0.01,0.4163,775.1237,,0.5884,2707.4438,0.09,3.4367,-3.3467,0.7642,0.0638,Yes,,0.0904,,3295.8667,,0.0418,387.2863,,,,0.0163,0.7173,0.3505,77.5124,2325.371,1123.9293,,,,,0.413,0.0335,0.3789,0.4467,1271.8063,1036.7531,484.8461,2514.6059,100.0,0.0,3H; SF6; 14C; 4He,0.79937; 2.93618; 62.56249; 0.00000,0.59771; 3.41271; 62.56236; 0.00000,0.68794; 2.29562; 3.26352; 59.44254,25.2%; 16.2%; 0.0%; 59.3%,13.9%; 21.8%; 94.8%; 30712039564.6%
EDTRVFPS1-12,292207098361501,EDTRVFPS1,2018.252,Mixed,BMM-DM-DM,4,2,2,10.0,0.01,0.3511,1286.7372,,0.5141,1148.2049,0.6198,4.3867,-3.7669,0.7335,0.1115,Yes,,0.1432,,7210.7589,,0.0368,144.0085,,,,0.1511,0.608,0.2285,128.6737,3860.2115,1865.7689,,,,,0.3479,0.0255,0.3226,0.3749,1543.6344,1012.8511,646.2121,2937.8324,100.0,0.0,3H; 3He(trit); SF6; 14C; 4He,0.56113; 10.04000; 4.03460; 58.89727; 0.00000,0.61809; 2.45637; 3.23867; 58.89727; 0.00000,0.62955; 2.16521; 3.36819; 61.33215; 0.00000,10.2%; 75.5%; 19.7%; 0.0%; 49.4%,12.2%; 78.4%; 16.5%; 4.1%; 0.5%
EDTRVFPS1-18,293145098224201,EDTRVFPS1,2018.255,Mixed,BMM-DM-DM,4,2,2,12.0,0.01,0.4443,399.1049,,0.6035,899.3723,0.5518,5.4625,-4.9107,0.7589,0.0651,Yes,,0.1704,,7347.2609,,0.0432,133.412,,,,0.0443,0.7687,0.3622,59.8657,1197.3146,568.7244,,,,,0.4403,0.0303,0.4075,0.4715,773.5976,647.8519,285.0882,1887.5238,100.0,0.0,3H; 3He(trit); SF6; 14C; 4He,0.66458; 8.86000; 4.47704; 64.50268; 0.00000,0.69438; 2.37541; 3.94537; 64.50261; 0.00000,0.75476; 2.12661; 3.62802; 63.48726; 0.00000,4.5%; 73.2%; 11.9%; 0.0%; 38.6%,13.6%; 76.0%; 19.0%; 1.6%; 0.0%
EDTRVFPS1-17,293327098230501,EDTRVFPS1,2018.249,Modern,DM,4,2,2,19.9248,0.0611,,,19.574,,,0.0966,0.6141,-0.5174,0.9528,0.7356,Yes,3.1257,,0.0476,,2.6982,,,9.9624,24.9923,7.515,,,,,,,20.64,1.1728,19.4296,21.9882,,,,,,,,,100.0,0.0,3H; 3He(trit); SF6; 14C; 4He,1.07837; 3.37000; 6.80339; 76.02920; 0.00000,1.30101; 3.19553; 5.35325; 81.86154; 0.00000,1.09270; 3.35755; 4.31574; 81.89401; 0.00000,20.6%; 5.2%; 21.3%; 7.7%; 91.3%,1.3%; 0.4%; 36.6%; 7.7%; 91.5%
EDTRVFPS1-19,293729098173101,EDTRVFPS1,2018.405,Modern,DM,4,2,2,24.31,0.0142,,,18.5895,,,0.0094,0.5996,-0.5901,0.9953,0.741,Yes,0.8747,,0.017,,1.5227,,,13.3705,31.3765,9.003,,,,,,,24.0883,1.3392,22.7018,25.8064,,,,,,,,,100.0,0.0,3H; 3He(trit); SF6; 14C; 4He,1.08150; 3.45000; 4.76345; 77.69217; 0.00000,1.13876; 3.40749; 4.69109; 83.83508; 0.00000,1.13519; 3.41671; 4.59600; 81.33817; 0.00000,5.3%; 1.2%; 1.5%; 7.9%; 94.6%,5.0%; 1.0%; 3.5%; 4.7%; 95.9%
SCTXSUS1-02/EDTRVFPS1-25,295406097551201,SCTXSUS1/EDTRVFPS1,2018.181,Modern,DM,2,1,1,16.1765,0.2077,,,8.0814,,,0.0,0.279,-0.279,1.0,0.5974,Yes,0.0069,,0.0001,,1.7922,,,1.6177,48.5296,23.456,,,,,,,18.5736,8.0891,10.6316,28.4295,,,,,,,,,100.0,0.0,3H; 14C,1.62696; 85.48873,1.62693; 85.48508,1.61798; 1.15659,0.0%; 0.0%,0.6%; 98.6%
