SampleID,SharedLoc,SITE_NO,latitude,longitude,CoordSrc,Depth_m,County,Aq_class,Well_class,Aq_seg,LPM,n_active,tau1,tau1_lo,tau1_hi,w_tau1,IdentClass,BndActive,IntAtBnd,MaxAbsCorr,ProjGrad,f1,tau2,MeanAgeMix,F_lt25yr,F25_p16,F25_p84,F_lt40yr,dAICc,VsAssigned,IdentRank,LblTau1
EDTRPAS1-04/EDTRETN1-01,False,293116098334101,29.521111,-98.561389,site_no (decoded),167.64,Bexar,confined,PSW,San Antonio,BMM-DM-DM,4,35.0,,,,unconstrained,0,0,,0.0001070201396942,0.6149,5000.0,1947.0215,0.0062948130775226,0.0056994856405904,0.0066325778104341,0.5202161806397133,-117.72733554239068,supported,3,35.0
EDTRPAS1-05/EDTRETN1-03,False,292331098294501,29.391944,-98.495833,site_no (decoded),457.2,Bexar,confined,PSW,San Antonio,BMM-DM-DM,3,28.2125,2.82125,42.59540367070676,1.4098060671938597,unconstrained,0,1,0.4881834281256602,0.0003037497771697,0.6525,14500.0,5057.15865625,0.1375622624103821,0.0237472492699337,0.3660774584570027,0.6492091339974013,,not assessable,3,28.2
EDTRPAS1-28,False,293127098473201,29.524167,-98.792222,site_no (decoded),426.72,Bexar,confined,PSW,San Antonio,DM,4,30.5696,22.927200000711743,35.262067795251255,0.4035011185798803,well constrained,0,0,0.0791420144610367,0.4774931385930533,,,30.5696,9.90720962856738e-06,2.7523164822672035e-09,0.1330185380850307,0.9999999962973736,-14.948047272344656,contradicted,1,30.6
EDTRPAS1-29,False,291358098531901,29.232778,-98.888611,site_no (decoded),777.24,Medina,confined,PSW,San Antonio,BMM-DM-DM,4,42.028,4.2028,80.04209518445883,1.804494508053175,unconstrained,0,1,0.9509626520376304,0.006936047096934,0.1365,11500.0,9935.986822,1.6954287063132787e-05,5.587547424510851e-08,0.1746093213558197,0.0523442840395851,-234.7985098898959,supported,3,42.0
EDTRPAS1-30,False,291828098485301,29.307778,-98.814722,site_no (decoded),440.44,Medina,confined,PSW,San Antonio,BMM-DM-DM,4,30.1719,3.0171900000000003,78.40514755183034,2.498614855273627,unconstrained,0,1,0.0025829219457277,0.0003778935444122,0.7412,3000.0,798.7634122800001,0.0782726821965408,0.0421892190281826,0.1584572245398235,0.7266644434049669,-33.491719254451255,supported,3,30.2
EDTRPAS1-31,False,292119098524901,29.355278,-98.880278,site_no (decoded),217.93,Medina,confined,PSW,San Antonio,DM,3,31.1975,21.83825000072636,93.5925,2.299999999976717,unconstrained,0,1,,0.0034168074347755,,,31.1975,0.0017181284676509,1.1233033507153967e-09,0.0929818877207188,0.9996279145986648,,not assessable,3,31.2
EDTRPAS1-32,False,292424098421501,29.406667,-98.704167,site_no (decoded),224.03,Bexar,confined,PSW,San Antonio,DM,4,32.061,25.648799999253523,37.81781577992973,0.3795582103077324,well constrained,1,0,,0.0002012646291404,,,32.061,1.0939584073023089e-05,6.034094324118457e-10,0.0906251761563661,0.9999377900132608,-41.20774152327479,contradicted,1,32.1
EDTRPAS1-33,False,291937099280501,29.326944,-99.468056,site_no (decoded),369.11,Uvalde,confined,PSW,San Antonio,DM,4,31.2915,21.90405000072856,37.16254615840522,0.4876243119593713,well constrained,0,0,0.4986705310932677,0.0194284228806607,,,31.2915,0.016461343847868,2.134710704596032e-09,0.1215971277557242,0.99280628509993,-5.220892427291371,contradicted,1,31.3
EDTRPAS1-34,False,291943099163301,29.328611,-99.275833,site_no (decoded),392.89,Medina,confined,PSW,San Antonio,BMM-DM-DM,4,30.3118,3.0311800000000004,37.84051322970734,1.1483756566653032,unconstrained,0,1,0.1324097393326031,0.000186942289612,0.6653,3000.0,1024.26644054,0.0663375711672156,0.0338560125417081,0.1189669404088308,0.6511678653368383,-239.22206167339607,supported,3,30.3
EDTRPAS1-35,False,291232099470301,29.208889,-99.784167,site_no (decoded),121.92,Uvalde,confined,PSW,San Antonio,BMM-DM-DM,4,27.9778,2.79778,39.894975662073065,1.3259511349024249,unconstrained,0,1,0.1885455724617288,0.0001309575580582,0.8871,1000.0,137.71910638,0.2077329236045678,0.1071631266177748,0.339223061250476,0.8831889229348948,-132.02720881240748,supported,3,28.0
EDTRPAS1-36,False,291202099491001,29.200556,-99.819444,site_no (decoded),160.63,Uvalde,confined,PSW,San Antonio,DM,4,29.5683,22.176224999311568,35.48357200645854,0.4500545180868351,well constrained,0,0,0.3892896397819285,0.0081550911150472,,,29.5683,0.0264625604244671,1.7121910621974994e-06,0.2203330262564288,0.9998544354128194,-15.546001217631352,contradicted,1,29.6
EDTRPAS1-37,False,291839099382801,29.310833,-99.641111,site_no (decoded),182.88,Uvalde,confined,PSW,San Antonio,DM,3,22.6662,10.199789999472255,67.9986,2.550000000023283,unconstrained,0,1,0.3921911706885408,0.0013804559734896,,,22.6662,0.7519652792827323,0.3480932125607998,0.9005237454142033,0.9998309411209346,,not assessable,3,22.7
EDTRPAS1-41,False,291219099095601,29.205278,-99.165556,site_no (decoded),716.28,Medina,confined,PSW,San Antonio,BMM-DM-DM,4,29.2111,2.92111,41.41387748694428,1.3177445384440942,unconstrained,0,1,0.0612928483694512,5.328851197151243e-05,0.8537,200.0,54.19751606999999,0.12900011827125,0.0740784050995626,0.2381624360757845,0.8447608100248282,-730.7068061168181,supported,3,29.2
EDTRPAS1-42,False,292604098563201,29.434444,-98.942222,site_no (decoded),445.62,Medina,confined,PSW,San Antonio,DM,4,30.6951,23.02132499928532,37.06971931396963,0.4576754698529833,well constrained,0,0,0.4599711792396729,0.0017058334112311,,,30.6951,0.0540909080256876,7.661146159806841e-09,0.1859149154062274,0.9868261773991868,-70.7650849258135,contradicted,1,30.7
EDTRPAS1-43,False,292215098580201,29.370833,-98.967222,site_no (decoded),436.17,Medina,confined,PSW,San Antonio,BMM-DM-DM,4,32.1157,3.21157,43.373365402041486,1.2505346419988197,unconstrained,0,1,0.1268038738510047,3.53212767081897e-05,0.7661,1000.0,258.50383777,0.0336185334494753,0.0183158115497519,0.0879902460153983,0.7266993014306324,-35.50775989805416,supported,3,32.1
EDTRPAS1-44,False,293512098291701,29.586667,-98.488056,site_no (decoded),179.83,Bexar,confined,PSW,San Antonio,BMM-DM-DM,4,18.6068,1.86068,30.231282233944107,1.524743762169965,unconstrained,0,1,0.6927142441840782,0.0004740650716166,0.6159,200.0,88.27992812,0.6067540574441959,0.3606293189525604,0.6307446453526656,0.6158999943972632,-869.658289039459,supported,3,18.6
EDTRPAS1-46,False,291645098464301,29.279167,-98.778611,site_no (decoded),708.96,Bexar,confined,PSW,San Antonio,BMM-DM-DM,3,35.188,3.5188000000000006,47.19460487370762,1.2412130519980566,unconstrained,0,1,0.153072160139344,0.0046180775124203,0.2213,23500.0,18307.2371044,0.0020861566305052,0.0009805952574884,0.0040116699050062,0.1859750443056088,,not assessable,3,35.2
EDTRPAS1-50,False,295327097560401,29.890833,-97.934444,site_no (decoded),35.05,Hays,confined,PSW,San Antonio,DM,3,16.5395,4.961849999614901,49.6185,2.700000000023284,unconstrained,1,1,,8.74095712788403e-06,,,16.5395,1.0,0.9992749892292764,1.0,1.0,,not assessable,3,16.5
EDTRVFPS1-11,False,291231098565901,29.208611,-98.949722,site_no (decoded),822.96,Medina,confined,PSW,San Antonio,BMM-DM-DM,3,14.0,,,,unconstrained,0,0,0.0453049046287611,0.0005056858062754,0.4163,775.1237,458.26790369,0.4162953450597959,0.3788180919759961,0.4466796852925759,0.4162999999999992,,not assessable,3,14.0
EDTRVFPS1-12,False,292207098361501,29.368611,-98.604167,site_no (decoded),422.76,Bexar,confined,PSW,San Antonio,BMM-DM-DM,4,10.0,,,,unconstrained,0,0,0.0507827731714967,0.001209974288941,0.3511,1286.7372,838.47476908,0.3510999999980924,0.3212485551816652,0.3717069375494788,0.3511,-49.29133558612365,supported,3,10.0
EDTRVFPS1-17,False,293327098230501,29.5575,-98.384722,site_no (decoded),239.27,Bexar,confined,PSW,San Antonio,DM,4,19.9248,6.973680000463909,32.68655586280826,1.2904960582964122,weakly constrained,0,0,0.8288008058473109,0.0006225350575771,,,19.9248,0.7971351957232612,0.7568462613294235,0.8428466138336261,0.9871466337272794,-0.7805291954005042,indistinguishable,2,19.9
EDTRVFPS1-18,False,293145098224201,29.529167,-98.378333,site_no (decoded),265.18,Bexar,confined,PSW,San Antonio,BMM-DM-DM,4,12.0,,,,unconstrained,0,0,0.0250842578790692,0.0006115138530731,0.4443,399.1049,227.11419293000003,0.4442999844777224,0.4046623529680057,0.4677497163912441,0.4443,-13.734592446636682,supported,3,12.0
EDTRVFPS1-19,False,293729098173101,29.624722,-98.291944,site_no (decoded),201.17,Comal,confined,PSW,San Antonio,DM,4,24.31,12.155000000566016,33.50690650931396,0.8783178325276817,weakly constrained,0,0,0.5449714631154086,0.0060979072345135,,,24.31,0.5997243164367825,0.3186423038103592,0.7114877374353284,0.9989655494337616,-0.7502458984734623,indistinguishable,2,24.3
SCTXSUS1-04/EDTRVFPS1-20,False,293745098162001,29.629167,-98.272222,site_no (decoded),137.16,Comal,confined,PSW,San Antonio,BMM-DM-DM,3,32.0,,,,unconstrained,0,0,0.3124533176503928,0.0013090372085594,0.2262,13049.916,10105.2634008,0.0106149333832983,0.0096824754566547,0.0113551464330478,0.2148288665001531,,not assessable,3,32.0
SCTXSUS1-07/EDTRVFPS1-16,False,293551098244801,29.5975,-98.413333,site_no (published col agrees),89.92,Bexar,confined,Commercial,San Antonio,DM,4,18.0757,7.230280000420867,27.044444084160045,1.0961768608540292,weakly constrained,1,0,0.8224274167453128,1.2833173968829216e-05,,,18.0757,0.9999999999998752,0.9999999871034642,0.9999999999999996,1.0,-2.1091886884186906,contradicted,2,18.1
SCTXSUS1-09/EDTRVFPS1-14,False,293451098313201,29.580833,-98.525556,site_no (decoded),152.4,Bexar,confined,PSW,San Antonio,BMM-DM-DM,4,10.0,,,,unconstrained,0,0,0.0004959713195286,0.0007635951042175,0.5135,285.219,143.8940435,0.5134999999972101,0.4696537542317622,0.5473181724518603,0.5135,-23.69036883184781,supported,3,10.0
SCTXSUS1-10/EDTRVFPS1-15,False,293432098292301,29.575556,-98.489722,site_no (decoded),114.6,Bexar,confined,PSW,San Antonio,BMM-DM-DM,4,14.0,,,,unconstrained,0,0,0.0984357106719552,0.0011514448399455,0.2759,80.2475,61.96981475,0.275896914969968,0.2446880064350855,0.2985364934565807,0.2759002492892801,-32.601547498735684,supported,3,14.0
SCTXSUS1-16,False,292309099330701,29.385833,-99.551944,site_no (published col agrees),,Uvalde,confined,Domestic,San Antonio,DM,2,28.1346,11.253839999344944,84.40379999999999,2.6000000000232824,unconstrained,1,1,0.9605816441902888,4.373869160190225e-07,,,28.1346,0.0044728008039949,0.0032637477160503,0.0106248661219656,0.9999999999999988,,not assessable,3,28.1
SCTXSUS1-19/EDTRVFPS1-02,False,291709099530401,29.285833,-99.884444,site_no (published col agrees),60.96,Uvalde,confined,Domestic,San Antonio,DM,4,18.942,7.57679999955897,30.803473472973828,1.226199634326621,weakly constrained,0,0,0.7992365146677888,0.0035214784790116,,,18.942,0.844264026151951,0.8165271668549822,0.9503126810597686,0.9936299257426257,0.2959722731675178,indistinguishable,2,18.9
SCTXSUS1-21/EDTRVFPS1-05,False,292352099354501,29.397778,-99.595833,site_no (published col agrees),,Uvalde,confined,Domestic,San Antonio,DM,4,31.9249,23.943675000743312,36.78577613880829,0.4022597138304262,well constrained,1,0,0.0790303347761818,5.990208592265844e-06,,,31.9249,2.4586209992257894e-08,4.940454304613305e-09,1.895362124453324e-06,0.999999814623882,4.6057781685155454,supported,1,31.9
SCTXSUS1-23,False,292447099371601,29.413056,-99.621111,site_no (published col agrees),,Uvalde,confined,Domestic,San Antonio,DM,2,19.2774,1.92774,57.8322,2.9,unconstrained,0,1,,0.0001822629198855,,,19.2774,0.7867180780860936,0.3040754686350195,1.0,0.9678163961198584,,not assessable,3,19.3
SCTXSUS1-26/EDTRVFPS1-21,False,294321098111301,29.7225,-98.186944,site_no (decoded),128.32,Comal,confined,PSW,San Antonio,DM,4,15.2349,5.332214999645288,21.73410892466424,1.0766000383999204,weakly constrained,1,0,,0.0004694259259849,,,15.2349,1.0,1.0,1.0,1.0,-6.729177475091394,contradicted,2,15.2
EDTRPAS1-45,False,293127098573701,29.524167,-98.960278,site_no (decoded),187.45,Medina,unconfined,PSW,San Antonio,DM,3,20.9116,6.273479999513115,62.7348,2.700000000023283,unconstrained,0,1,0.1450064789746224,0.0002305251341851,,,20.9116,0.7285899553242075,0.5961123087041793,0.8455725384864854,0.9454479337906786,,not assessable,3,20.9
EDTRPAS1-49,False,294019098114701,29.671944,-98.196389,site_no (decoded),65.53,Comal,unconfined,PSW,San Antonio,DM,4,21.5416,9.693719999498448,33.99637794513417,1.128173299366608,weakly constrained,0,0,0.8529728803701032,0.0064486812834009,,,21.5416,0.7327854637883194,0.6638393331687582,0.9980397323488408,0.9819794588670312,-41.86042308554348,contradicted,2,21.5
SCTXLUSRC1-01/EDTRETN1-02,False,293516098325501,29.587778,-98.548611,site_no (published col agrees),91.44,Bexar,unconfined,MW (urban),San Antonio,DM,4,10.279,1.5418500002393265,14.199700832361096,1.2314282354433088,weakly constrained,1,0,,0.0027741596568375,,,10.279,1.0,1.0,1.0,1.0,-22.853570904197497,contradicted,2,10.3
SCTXLUSRC1-08,False,293359098405401,29.566389,-98.681667,site_no (published col agrees),90.53,Bexar,unconfined,MW (urban),San Antonio,DM,3,15.005,1.500500000349366,45.015,2.8999999999767163,unconstrained,1,1,,9.518764272797853e-06,,,15.005,1.0,0.9999999528136284,1.0,1.0,,not assessable,3,15.0
SCTXLUSRC1-09,False,293405098394201,29.568056,-98.661667,site_no (published col agrees),79.55,Bexar,unconfined,MW (urban),San Antonio,DM,4,5.2445,1.0488999998778934,10.649494647898967,1.83060246887617,unconstrained,0,0,0.0991376832182816,1.2775178589265425e-05,,,5.2445,0.9994547942950436,0.999342122862772,0.999567706545098,0.9999947823091576,-11.138413841038258,contradicted,3,5.2
SCTXLUSRC1-10,False,293404098382001,29.567778,-98.638889,site_no (published col agrees),78.33,Bexar,unconfined,MW (urban),San Antonio,DM,4,10.5141,6.308459999755196,17.05102634413215,1.021729519823566,weakly constrained,1,0,,5.763396620750427e-05,,,10.5141,1.0,1.0,1.0,1.0,-60.80344266806145,contradicted,2,10.5
SCTXLUSRC1-11,False,293252098380801,29.547778,-98.635556,site_no (published col agrees),69.8,Bexar,unconfined,MW (urban),San Antonio,DM,4,17.4647,14.84499499959337,20.064801216185657,0.2988775196019563,well constrained,1,0,,0.0002257656306028,,,17.4647,0.9999999999999998,0.9999999999999694,1.0,1.0,-177.26503585675212,contradicted,1,17.5
SCTXLUSRC1-16,False,293436098343001,29.576667,-98.575,site_no (published col agrees),79.55,Bexar,unconfined,MW (urban),San Antonio,DM,4,22.8709,10.291905000532507,32.019472122689564,0.9500092747621236,weakly constrained,0,0,0.2111125280749434,0.0014779868481951,,,22.8709,0.7638745148345408,0.6335815970963623,0.9260867606545988,0.9999858926068476,0.4614027319195024,indistinguishable,2,22.9
SCTXLUSRC1-23,False,293746098265401,29.629444,-98.448333,site_no (published col agrees),88.39,Bexar,unconfined,MW (urban),San Antonio,DM,4,16.2306,4.869180000377902,25.966324806549064,1.299837640393526,weakly constrained,1,0,0.5145299841410165,8.332193829119205e-06,,,16.2306,0.9999999999999998,0.9999999999997544,1.0,0.9999999999999998,1.1394752368383223,indistinguishable,2,16.2
SCTXLUSRC1-24,False,293534098282801,29.592778,-98.474444,site_no (published col agrees),73.15,Bexar,unconfined,MW (urban),San Antonio,DM,4,26.6973,14.683515000621588,136.40763092093516,4.559416717058039,unconstrained,0,0,0.8789000573111726,0.0071569079880931,,,26.6973,0.4901277164386491,0.3884550501457108,0.5536921315182532,0.914364850409199,1.569476128731143,indistinguishable,3,26.7
SCTXLUSRC1-25,False,293535098304101,29.593056,-98.511389,site_no (published col agrees),73.15,Bexar,unconfined,MW (urban),San Antonio,DM,4,3.0089,0.9026699999299445,5.615379571980149,1.5662566293496645,unconstrained,1,0,,0.0003237393102608,,,3.0089,1.0,1.0,1.0,1.0,-35.74871083377235,contradicted,3,3.0
SCTXLUSRC1-27,False,293643098264001,29.611944,-98.444444,site_no (published col agrees),79.55,Bexar,unconfined,MW (urban),San Antonio,DM,4,19.303,8.686349999550568,29.643963813430943,1.0857179616577928,weakly constrained,0,0,0.2765202811091458,0.000703847336655,,,19.303,0.994328584645341,0.8970446909269255,0.9999999596412418,0.9999999999996106,0.1662210536161517,indistinguishable,2,19.3
SCTXSUS1-02/EDTRVFPS1-25,False,295406097551201,29.901667,-97.92,site_no (published col agrees),24.38,Hays,unconfined,Domestic,San Antonio,DM,2,16.1765,1.6176500000000005,48.5295,2.9,unconstrained,0,1,,6.031511148171496e-06,,,16.1765,0.8439063781954508,0.4752196496463001,1.0,0.9646290159119224,,not assessable,3,16.2
SCTXSUS1-03,False,295345098001001,29.895833,-98.002778,site_no (decoded),102.11,Hays,unconfined,PSW,San Antonio,DM,2,26.7913,6.050765276535271,80.37389999999999,2.774151859874837,unconstrained,1,1,,8.319868356920779e-06,,,26.7913,0.0644832464001161,0.0102671561119283,0.4112149391868572,0.9999999999999998,,not assessable,3,26.8
SCTXSUS1-05/EDTRVFPS1-23,False,295352098071201,29.897778,-98.12,site_no (published col agrees),73.15,Comal,unconfined,Domestic,San Antonio,DM,4,17.7264,7.976880000412729,26.929673194751054,1.0691845605615538,weakly constrained,1,0,,3.2738433219492435e-05,,,17.7264,0.9999999999999956,0.9999999999905196,1.0,0.9999999999999998,-0.5661385056546386,indistinguishable,2,17.7
SCTXSUS1-06/EDTRVFPS1-22,False,294531098082501,29.758611,-98.140278,site_no (decoded),182.88,Comal,unconfined,PSW,San Antonio,DM,3,16.0381,3.207619999626589,48.1143,2.800000000023283,unconstrained,0,1,0.6690387888894364,0.0012644916400045,,,16.0381,0.9850754572107104,0.8353140358728769,1.0,0.9999959931967968,,not assessable,3,16.0
SCTXSUS1-08/EDTRVFPS1-13,False,293518098332601,29.588333,-98.557222,site_no (decoded),132.59,Bexar,unconfined,PSW,San Antonio,DM,4,17.1661,8.58305000039968,22.657507896491367,0.8198983983602383,weakly constrained,1,0,,4.750676453113556e-06,,,17.1661,1.0,0.9999999999999984,1.0,1.0,-1.6814851430250428,indistinguishable,2,17.2
SCTXSUS1-11/EDTRVFPS1-24,False,294604098060801,29.767778,-98.102222,site_no (decoded),121.92,Comal,unconfined,PSW,San Antonio,DM,4,23.555,12.95524999945157,35.73913383511954,0.9672631643246856,weakly constrained,0,0,0.8812518713757895,0.0018937512507362,,,23.555,0.6352674983888611,0.5473806317463273,0.6848078338438058,0.9660532343974976,-2.165897665145444,contradicted,2,23.6
SCTXSUS1-12/EDTRVFPS1-10,False,293130098573801,29.525,-98.960556,site_no (published col agrees),129.54,Medina,unconfined,Domestic,San Antonio,DM,4,15.6702,3.1340400003648536,30.66445446018133,1.7568642684724176,unconstrained,0,0,0.9145045586895189,0.0017206435195092,,,15.6702,0.8819332138224949,0.8540771900997424,0.9004211645634215,0.9850816101834508,0.8943319945118198,indistinguishable,3,15.7
SCTXSUS1-13/EDTRVFPS1-08,False,292754099014701,29.465,-99.029722,site_no (published col agrees),,Medina,unconfined,Domestic,San Antonio,BMM-DM-DM,4,28.0,,,,unconstrained,0,0,0.3432333812854394,0.0003409982234962,0.6377,8464.3408,3084.4862718399995,0.1460484911844022,0.13187238329828,0.1543186698052842,0.6348679062456826,-23.1225959077462,supported,3,28.0
SCTXSUS1-14/EDTRVFPS1-07,False,293044099021101,29.512222,-99.036389,site_no (published col agrees),109.12,Medina,unconfined,Domestic,San Antonio,BMM-DM-DM,4,8.0,,,,unconstrained,0,0,0.0003761508260221,0.0005950927734375,0.4273,285.1258,166.70994566000002,0.4272999999999999,0.3894316434860229,0.4600269627571105,0.4272999999999999,-41.55826232379625,supported,3,8.0
SCTXSUS1-15/EDTRVFPS1-01,False,292346099594701,29.396111,-99.996389,site_no (published col agrees),,Uvalde,unconfined,Domestic,San Antonio,DM,4,4.4933,1.3479899998953837,7.733582258248553,1.4211364160757507,weakly constrained,0,0,0.3784518381374713,0.0032118939759977,,,4.4933,1.0,1.0,1.0,1.0,-33.32506022784983,contradicted,2,4.5
SCTXSUS1-17,False,292213099390601,29.370278,-99.651667,site_no (published col agrees),,Uvalde,unconfined,Domestic,San Antonio,DM,2,22.8417,2.284169999468169,68.5251,2.900000000023283,unconstrained,1,1,,5.819587386213243e-06,,,22.8417,0.9287443350696548,0.3278519329181578,0.9999956256964826,1.0,,not assessable,3,22.8
SCTXSUS1-18/EDTRVFPS1-03,False,292544099451001,29.428889,-99.752778,site_no (published col agrees),39.62,Uvalde,unconfined,Domestic,San Antonio,DM,4,5.9002,1.180039999862628,13.664556026468269,2.1159479384776176,unconstrained,1,0,,0.0011643476318567,,,5.9002,1.0,1.0,1.0,1.0,-3.855020945566526,contradicted,3,5.9
SCTXSUS1-20/EDTRVFPS1-04,False,292651099401601,29.4475,-99.671111,site_no (published col agrees),82.3,Uvalde,unconfined,Domestic,San Antonio,DM,4,10.9729,1.645935000255482,20.044959068188696,1.6767695019487296,unconstrained,1,0,0.4190256772771027,1.0516290785744786e-05,,,10.9729,1.0,1.0,1.0,1.0,1.3227981195776906,indistinguishable,3,11.0
SCTXSUS1-22,False,292325099413101,29.390278,-99.691944,site_no (published col agrees),,Uvalde,unconfined,Domestic,San Antonio,DM,2,21.0556,2.10556,63.1668,2.9000000000000004,unconstrained,0,1,,0.0004333192119417,,,21.0556,0.7487542899637301,0.063276848302892,1.0,0.9804033539198892,,not assessable,3,21.1
SCTXSUS1-24/EDTRVFPS1-09,False,292656099000701,29.448889,-99.001944,site_no (published col agrees),97.54,Medina,unconfined,Domestic,San Antonio,DM,4,30.6087,22.95652499928733,36.64465904233014,0.4471974975429472,well constrained,0,0,0.4250877989514421,0.0225628021453614,,,30.6087,0.0122238369020271,5.644439344396006e-06,0.080483275910154,0.9989944653430766,-0.6520425575585413,indistinguishable,1,30.6
SCTXSUS1-25/EDTRVFPS1-06,False,292804099151301,29.467778,-99.253611,site_no (published col agrees),140.21,Medina,unconfined,Stock,San Antonio,DM,4,25.2213,12.610650000587238,35.28477287331723,0.8990069057792418,weakly constrained,0,0,0.8507919769791933,0.0126062027418992,,,25.2213,0.5373920603570048,0.3985467060920746,0.6207123901246929,0.9743766757757134,5.034908588874615,supported,2,25.2
