study_unit,study_area,sample_id,sample_date,lpm_name,tracers_modeled,free_params,uz_travel_time_yr,mean_age_yr,chi_square,chi_square_prob,H3_source,H3_scale,H3_conc_TU,H3_err,He3trit_source,He3trit_scale,He3trit_conc,He3trit_err,SF6_source,SF6_scale,SF6_conc_pptv,SF6_err,C14_source,C14_scale,C14_conc_pmC,C14_err
edtrpas1,OK,EDTRPAS1-01,2016-12-13 00:00:00,DM,14C,Mean Age,0,27502.46840205121,6.083132561745011e-20,na,,,,,"35-33,100-95",1,5.668376138853462e-06,0,Northern Hemisphere,1,na,na,Northern Hemisphere Zone 2,0.9,na,na
edtrpas1,OK,EDTRPAS1-02,2016-12-14 00:00:00,DM,14C,Mean Age,0,54695.626537953955,1.2249138327188627e-19,na,,,,,"35-33,100-95",1,1.127300211148591e-05,0,Northern Hemisphere,1,na,na,Northern Hemisphere Zone 2,0.9,na,na
edtrpas1,OK,EDTRPAS1-03,2016-12-14 00:00:00,DM,14C,Mean Age,0,16567.214712607874,1.8766978961042062e-19,na,,,,,"35-33,100-95",1,3.4145736735834613e-06,0,Northern Hemisphere,1,na,na,Northern Hemisphere Zone 2,0.9,na,na
edtrpas1,TX,EDTRPAS1-04,2017-04-04 00:00:00,BMM-DM-DM,"3H, 3He(trit), 14C, 4He",Fraction,0,init. val.,1.7161182024619477,0.6333563158179213,,,,,"31-29,100-95",0.8,2.4062100083778217e-10,0.9592476489028213,Northern Hemisphere,1,na,na,Northern Hemisphere Zone 2,0.65,na,na
edtrpas1,TX,EDTRPAS1-05,2017-04-03 00:00:00,BMM-DM-DM,"3H, SF6, 14C","Mean Age, Fraction",0,27.67805844409529,6.578155107980086e-07,0.9993528692026199,,,,,"31-29,100-95",0.8,1.9034335103880104e-10,0.7084639498432601,Northern Hemisphere,1,na,na,Northern Hemisphere Zone 2,0.6,na,na
edtrpas1,TX,EDTRPAS1-06,2016-11-08 00:00:00,DM,"3H, 3He(trit), SF6, 14C","Mean Age, Model Parm 1",0,17.95846518157298,0.08956218593641432,0.9562067793117586,,,,,"31-29,100-95",0.8,1.2360149261186294e-10,1.3887147335423198,Northern Hemisphere,1,na,na,Northern Hemisphere Zone 2,0.9,na,na
edtrpas1,TX,EDTRPAS1-07,2016-11-14 00:00:00,DM,"14C, 4He",Mean Age,0,55635.86334458448,1.8903815106755044,0.16915889731711942,,,,,"31-29,100-95",0.8,7.64452595397924e-06,0.031347962382445145,Northern Hemisphere,1,na,na,Northern Hemisphere Zone 2,0.45,na,na
edtrpas1,TX,EDTRPAS1-08,2016-11-15 00:00:00,BMM-DM-DM,"3H, SF6, 14C","Mean Age, Fraction",0,26.707569051306585,0.0003927900448847913,0.9841878157145355,,,,,"31-29,100-95",0.8,1.8367928194866397e-10,0.2225705329153605,Northern Hemisphere,1,na,na,Northern Hemisphere Zone 2,0.45,na,na
edtrpas1,TX,EDTRPAS1-09,2016-11-16 00:00:00,DM,"14C, 4He",Mean Age,0,43241.76177920832,32.38639486568106,1.2636811930200054e-08,,,,,"31-29,100-95",0.8,1.188308225468125e-06,0.025078369905956115,Northern Hemisphere,1,na,na,Northern Hemisphere Zone 2,0.45,na,na
edtrpas1,TX,EDTRPAS1-10,2016-11-16 00:00:00,BMM-DM-DM,"3H, 3He(trit), SF6, 14C","Mean Age, Fraction",0,21.522831744807437,0.1779488769168066,0.9148689587365146,,,,,"31-29,100-95",0.8,1.4807705942161167e-10,0.8401253918495298,Northern Hemisphere,1,na,na,Northern Hemisphere Zone 2,0.45,na,na
edtrpas1,TX,EDTRPAS1-11,2016-11-21 00:00:00,DM,4He,Mean Age,0,270618.27103468444,4.2599667489039964e-07,na,,,,,"33-31,100-95",1,5.5775580862275326e-05,0,Northern Hemisphere,1,na,na,Northern Hemisphere Zone 2,0.9,na,na
edtrpas1,TX,EDTRPAS1-12,2016-11-28 00:00:00,DM,"3H, 3He(trit), SF6, 14C","Mean Age, Model Parm 1",0,19.34890508086169,1.6473804829974725,0.43880935052494974,,,,,"33-31,100-95",1,2.6629876019735857e-09,1.6520376175548588,Northern Hemisphere,1,na,na,Northern Hemisphere Zone 2,0.95,na,na
edtrpas1,TX,EDTRPAS1-13,2016-11-29 00:00:00,DM,"14C, 4He",Mean Age,0,3345.992471524483,0.2713045870942069,0.6024579839038359,,,,,"33-31,100-95",1,6.896233315900476e-07,0,Northern Hemisphere,1,na,na,Northern Hemisphere Zone 2,0.9,na,na
edtrpas1,TX,EDTRPAS1-14,2016-11-30 00:00:00,BMM-DM-DM,"3H, 3He(trit), 14C","Mean Age, Fraction",14,0.411098388421245,0.022773170630591495,0.8800484303793674,,,,,"35-33,100-95",1,9.327486334042062e-11,0.31974921630094044,Northern Hemisphere,1,na,na,Northern Hemisphere Zone 2,0.9,na,na
edtrpas1,TX,EDTRPAS1-15,2016-11-30 00:00:00,DM,"14C, 4He",Mean Age,0,90067.57485894742,97.56295150429466,na,,,,,"33-31,100-95",1,1.856331165448265e-05,0,Northern Hemisphere,1,na,na,Northern Hemisphere Zone 2,0.9,na,na
edtrpas1,TX,EDTRPAS1-16,2016-12-01 00:00:00,DM,4He,Mean Age,0,49609.66343379055,1.1329930719688002e-06,na,,,,,"33-31,100-95",1,1.0224763405006587e-05,0,Northern Hemisphere,1,na,na,Northern Hemisphere Zone 2,0.9,na,na
edtrpas1,TX,EDTRPAS1-17,2016-12-05 00:00:00,DM,"14C, 4He",Mean Age,0,183459.63150086705,1.3983231490389544e-07,na,,,,,"33-31,100-95",1,3.78118131958203e-05,0,Northern Hemisphere,1,na,na,Northern Hemisphere Zone 2,0.9,na,na
edtrpas1,TX,EDTRPAS1-18,2016-12-06 00:00:00,DM,"14C, 4He",Mean Age,0,142243.921913246,6.361714307217343e-07,na,,,,,"33-31,100-95",1,2.931707951020959e-05,0.08777429467084641,Northern Hemisphere,1,na,na,Northern Hemisphere Zone 2,0.9,na,na
edtrpas1,TX,EDTRPAS1-19,2016-12-07 00:00:00,DM,14C,Mean Age,0,73677.06738955295,4.115994412102566e-21,na,,,,,"35-33,100-95",1,1.5185158098045324e-05,0.015673981191222573,Northern Hemisphere,1,na,na,Northern Hemisphere Zone 2,0.9,na,na
edtrpas1,TX,EDTRPAS1-20,2016-12-07 00:00:00,DM,4He,Mean Age,0,58118.623414836446,6.365512247650681e-07,na,,,,,"35-33,100-95",1,1.197849637973192e-05,0.1536050156739812,Northern Hemisphere,1,na,na,Northern Hemisphere Zone 2,0.9,na,na
edtrpas1,TX,EDTRPAS1-21,2016-12-12 00:00:00,DM,14C,Mean Age,0,14913.483539699067,2.314395133513644e-21,na,,,,,"35-33,100-95",1,3.0737326194805605e-06,0.06269592476489029,Northern Hemisphere,1,na,na,Northern Hemisphere Zone 2,0.9,na,na
edtrpas1,TX,EDTRPAS1-22,2016-12-15 00:00:00,DM,"14C, 4He",Mean Age,0,57049.023495556015,22.61806922882933,1.9761727746425706e-06,,,,,"35-33,100-95",1,1.1758047270513101e-05,0,Northern Hemisphere,1,na,na,Northern Hemisphere Zone 2,0.9,na,na
edtrpas1,TX,EDTRPAS1-23,2016-12-19 00:00:00,DM,"14C, 4He",Mean Age,0,51687.6766274662,78.97131113755314,na,,,,,"33-31,100-95",1,5.326525397372223e-06,0.12852664576802508,Northern Hemisphere,1,na,na,Northern Hemisphere Zone 2,0.9,na,na
edtrpas1,TX,EDTRPAS1-24,2016-12-20 00:00:00,DM,"14C, 4He",Mean Age,0,60397.509917298055,5.6725253593275875,0.017232630791207293,,,,,"33-31,100-95",1,1.2448184615888708e-05,0,Northern Hemisphere,1,na,na,Northern Hemisphere Zone 2,0.9,na,na
edtrpas1,TX,EDTRPAS1-25,2016-12-20 00:00:00,BMM-DM-DM,"3H, SF6","Mean Age, Fraction",0,31.57086437384132,7.287762226403022e-18,na,,,,,"33-31,100-95",1,4.341482416839297e-09,0.1974921630094044,Northern Hemisphere,1,na,na,Northern Hemisphere Zone 2,0.9,na,na
edtrpas1,TX,EDTRPAS1-26,2017-01-25 00:00:00,DM,14C,Mean Age,0,55885.235317866434,2.4421979684741018e-21,na,,,,,"35-33,100-95",1,1.1518185559169186e-05,0.13166144200626959,Northern Hemisphere,1,na,na,Northern Hemisphere Zone 2,0.9,na,na
edtrpas1,TX,EDTRPAS1-27,2017-01-26 00:00:00,DM,"14C, 4He",Mean Age,0,3654.287784557274,2.8553052449645766,0.09107295116281644,,,,,"33-31,100-95",1,3.7658215582104315e-07,0.08150470219435738,Northern Hemisphere,1,na,na,Northern Hemisphere Zone 2,0.9,na,na
edtrpas1,TX,EDTRPAS1-28,2017-02-27 00:00:00,DM,"3H, 3He(trit), SF6, 14C","Mean Age, Model Parm 1",0,28.44305732538161,2.6032567437635654,0.2720883710512697,,,,,"31-29,100-95",0.8,4.8899085809112275e-09,1.0438871473354232,Northern Hemisphere,1,na,na,Northern Hemisphere Zone 2,0.6,na,na
edtrpas1,TX,EDTRPAS1-29,2017-02-28 00:00:00,BMM-DM-DM,"3H, 3He(trit), 14C, 4He","Mean Age, Fraction",0,45.75832674279239,0.36910438442187476,0.8314765421678239,,,,,"31-29,100-95",0.8,3.1449530001023843e-10,0.3887147335423198,Northern Hemisphere,1,na,na,Northern Hemisphere Zone 2,0.65,na,na
edtrpas1,TX,EDTRPAS1-30,2017-03-01 00:00:00,BMM-DM-DM,"3H, 3He(trit), 14C","Mean Age, Fraction",0,39.20725950169734,0.007082316836639261,0.9329320017890415,,,,,"31-29,100-95",0.8,2.695110274001197e-10,0.7398119122257053,Northern Hemisphere,1,na,na,Northern Hemisphere Zone 2,0.65,na,na
edtrpas1,TX,EDTRPAS1-31,2017-03-01 00:00:00,DM,"3H, SF6, 14C","Mean Age, Model Parm 1",0,29.619891771517455,0.0056810545740834575,0.9399181233432677,,,,,"31-29,100-95",0.8,5.091932392707836e-09,1.1755485893416928,Northern Hemisphere,1,na,na,Northern Hemisphere Zone 2,0.6,na,na
edtrpas1,TX,EDTRPAS1-32,2017-03-02 00:00:00,DM,"3H, 3He(trit), SF6, 14C","Mean Age, Model Parm 1",0,28.152589250121505,1.5193946378023595,0.46780800222290764,,,,,"31-29,100-95",0.8,4.840045066787328e-09,0.9811912225705329,Northern Hemisphere,1,na,na,Northern Hemisphere Zone 2,0.6,na,na
edtrpas1,TX,EDTRPAS1-33,2017-03-06 00:00:00,DM,"3H, 3He(trit), SF6, 14C","Mean Age, Model Parm 1",0,29.2786352101074,0.4329292557037285,0.805361021768213,,,,,"31-29,100-95",0.8,5.033350053824828e-09,1.1003134796238243,Northern Hemisphere,1,na,na,Northern Hemisphere Zone 2,0.6,na,na
edtrpas1,TX,EDTRPAS1-34,2017-03-07 00:00:00,BMM-DM-DM,"3H, 3He(trit), SF6, 14C","Mean Age, Fraction",0,31.150031188032077,0.20165169978999037,0.9040904666266119,,,,,"31-29,100-95",0.8,2.141843814902882e-10,0.793103448275862,Northern Hemisphere,1,na,na,Northern Hemisphere Zone 2,0.65,na,na
edtrpas1,TX,EDTRPAS1-35,2017-03-08 00:00:00,BMM-DM-DM,"3H, 3He(trit), SF6, 14C","Mean Age, Fraction",0,32.15615838168677,8.02557297981398,0.018082937047260828,,,,,"31-29,100-95",0.8,8.843726604298285e-10,0.8589341692789969,Northern Hemisphere,1,na,na,Northern Hemisphere Zone 2,0.65,na,na
edtrpas1,TX,EDTRPAS1-36,2017-03-08 00:00:00,DM,"3H, 3He(trit), SF6, 14C","Mean Age, Model Parm 1",0,27.383578385405222,5.1415604691149035,0.07647585303655824,,,,,"31-29,100-95",0.8,4.708030060047467e-09,1.0344827586206897,Northern Hemisphere,1,na,na,Northern Hemisphere Zone 2,0.6,na,na
edtrpas1,TX,EDTRPAS1-37,2017-03-09 00:00:00,DM,"3H, SF6, 14C","Mean Age, Model Parm 1",8,13.626913215826043,0.0012250552268460513,0.9720791117720614,,,,,"31-29,100-95",0.8,2.3464543196436337e-09,1.0125391849529781,Northern Hemisphere,1,na,na,Northern Hemisphere Zone 2,0.7,na,na
edtrpas1,TX,EDTRPAS1-38,2017-03-21 00:00:00,DM,"14C, 4He",Mean Age,0,45725.83208224586,0.025722253189933503,0.8725804939426663,,,,,"31-29,100-95",0.8,1.2565718912458896e-06,0,Northern Hemisphere,1,na,na,Northern Hemisphere Zone 2,0.6,na,na
edtrpas1,TX,EDTRPAS1-39,2017-03-22 00:00:00,DM,"3H, 3He(trit), SF6, 14C","Mean Age, Model Parm 1",0,28.0971144684369,7.5313707540659065,0.023151739126124116,,,,,"31-29,100-95",0.8,4.830521748691364e-09,0.9843260188087775,Northern Hemisphere,1,na,na,Northern Hemisphere Zone 2,0.6,na,na
edtrpas1,TX,EDTRPAS1-40,2017-03-23 00:00:00,BMM-DM-DM,"3H, 3He(trit), SF6, 14C","Mean Age, Fraction",0,1.3059096013402225,0.2683226994106879,0.8744489611379209,,,,,"31-29,100-95",0.8,2.3133546818007054e-11,1.8996865203761755,Northern Hemisphere,1,na,na,Northern Hemisphere Zone 2,0.8,na,na
edtrpas1,TX,EDTRPAS1-41,2017-03-27 00:00:00,BMM-DM-DM,"3H, 3He(trit), SF6, 14C","Mean Age, Fraction",0,25.970256966263243,5.674131690959297,0.05859734764351132,,,,,"31-29,100-95",0.8,7.144654913489277e-10,0.8338557993730408,Northern Hemisphere,1,na,na,Northern Hemisphere Zone 2,0.65,na,na
edtrpas1,TX,EDTRPAS1-42,2017-03-27 00:00:00,DM,"3H, 3He(trit), SF6, 14C","Mean Age, Model Parm 1",0,31.375171234310923,8.98102321815566,0.011214904694573868,,,,,"31-29,100-95",0.8,5.39325907945692e-09,0.9905956112852665,Northern Hemisphere,1,na,na,Northern Hemisphere Zone 2,0.6,na,na
edtrpas1,TX,EDTRPAS1-43,2017-03-28 00:00:00,BMM-DM-DM,"3H, 3He(trit), SF6, 14C","Mean Age, Fraction",0,25.856221061014313,0.28024092659509964,0.8692535159465695,,,,,"31-29,100-95",0.8,1.7783313058308872e-10,0.8369905956112853,Northern Hemisphere,1,na,na,Northern Hemisphere Zone 2,0.65,na,na
edtrpas1,TX,EDTRPAS1-44,2017-03-28 00:00:00,BMM-DM-DM,"3H, 3He(trit), SF6, 14C","Mean Age, Fraction",0,18.558627829568728,0.2819260767062709,0.8685214130861689,,,,,"31-29,100-95",0.8,5.108914416015635e-10,0.8181818181818181,Northern Hemisphere,1,na,na,Northern Hemisphere Zone 2,0.65,na,na
edtrpas1,TX,EDTRPAS1-45,2017-03-29 00:00:00,DM,"3H, SF6, 14C","Mean Age, Model Parm 1",0,11.65295273772306,0.00034441333540808456,0.9851934079157609,,,,,"31-29,100-95",0.8,2.007585267756868e-09,1.5360501567398122,Northern Hemisphere,1,na,na,Northern Hemisphere Zone 2,0.8,na,na
edtrpas1,TX,EDTRPAS1-46,2017-04-05 00:00:00,BMM-DM-DM,"3H, SF6, 14C, 4He","Mean Age, Fraction",0,34.77856329959838,6.350023517354396,0.04179361264443049,,,,,"31-29,100-95",0.8,2.391004576305354e-10,0.33542319749216304,Northern Hemisphere,1,na,na,Northern Hemisphere Zone 2,0.4,na,na
edtrpas1,TX,EDTRPAS1-47,2017-04-10 00:00:00,DM,"3H, 14C",Mean Age,0,7.802205043135772,0.05125822608154665,0.820888153415903,,,,,"31-29,100-95",0.8,1.346540237114197e-09,1.6332288401253918,Northern Hemisphere,1,na,na,Northern Hemisphere Zone 2,0.75,na,na
edtrpas1,TX,EDTRPAS1-48,2017-04-10 00:00:00,DM,"3H, SF6, 14C","Mean Age, Model Parm 1",0,0.37187009200626703,5.241525097138517,0.022053932334683557,,,,,"31-29,100-95",1,7.151352422714466e-11,2.608150470219436,Northern Hemisphere,1,na,na,Northern Hemisphere Zone 2,0.85,na,na
edtrpas1,TX,EDTRPAS1-49,2017-04-20 00:00:00,DM,"3H, 3He(trit), 14C","Mean Age, Model Parm 1",0,28.22721364134479,0.0332444781682227,0.8553232202575731,,,,,"31-29,100-95",0.8,4.8528554840124375e-09,0.9937304075235109,Northern Hemisphere,1,na,na,Northern Hemisphere Zone 2,0.6,na,na
edtrpas1,TX,EDTRPAS1-50,2017-05-03 00:00:00,DM,"3H, SF6, 14C","Mean Age, Model Parm 1",0,13.199824965481765,1.9072118349401177,0.1672733017128224,,,,,"31-29,100-95",0.8,2.2731377479765044e-09,1.1974921630094044,Northern Hemisphere,1,na,na,Northern Hemisphere Zone 2,0.7,na,na
edtrpas1,TX,EDTRPAS1-51,2017-05-15 00:00:00,BMM-DM-DM,"3H, 3He(trit), SF6, 14C","Mean Age, Fraction",14,2.5607988081880317,0.5250885686283111,0.7690923048891813,,,,,"31-29,105-100",0.8,2.680557303526656e-10,0.9561128526645768,Northern Hemisphere,1,na,na,Northern Hemisphere Zone 2,0.7,na,na
edtrpas1,TX,EDTRPAS1-52,2017-05-16 00:00:00,BMM-DM-DM,"3H, 3He(trit), SF6, 14C","Mean Age, Fraction",16,0.7523129926706313,0.793563882156265,0.6724806500512219,,,,,"31-29,105-100",0.8,8.178045007931849e-11,0.64576802507837,Northern Hemisphere,1,na,na,Northern Hemisphere Zone 2,0.7,na,na
edtrpas1,TX,EDTRPAS1-53,2017-05-17 00:00:00,BMM-DM-DM,"3H, 3He(trit), SF6, 14C","Mean Age, Fraction",25,12.563358869309377,0.001142427853879897,0.9994289491846765,,,,,"31-29,105-100",0.8,4.3277540100309834e-11,1.0407523510971786,Northern Hemisphere,1,na,na,Northern Hemisphere Zone 2,0.65,na,na
edtrpas1,TX,EDTRPAS1-54,2017-05-18 00:00:00,DM,14C,Mean Age,0,42169.569049944956,4.102984595285197e-20,na,,,,,"31-29,100-95",0.8,8.691328192586267e-06,0,Northern Hemisphere,1,na,na,Northern Hemisphere Zone 2,0.8,na,na
edtrpas1,TX,EDTRPAS1-55,2017-05-30 00:00:00,BMM-DM-DM,"3H, 14C","Fraction, 2nd Mean Age",0,init. val.,6.50594820951138e-28,na,,,,,"33-31,105-100",0.8,1.7181081706805665e-10,0.0909090909090909,Northern Hemisphere,1,na,na,Northern Hemisphere Zone 2,0.65,na,na
edtrpas1,TX,EDTRPAS1-56,2017-05-31 00:00:00,DM,14C,Mean Age,0,330.4277495526289,8.69772595841189e-19,na,,,,,"33-31,105-100",0.8,1.135334138192316e-09,0,Northern Hemisphere,1,na,na,Northern Hemisphere Zone 2,0.8,na,na
edtrpas1,TX,EDTRPAS1-57,2017-06-01 00:00:00,BMM-DM-DM,"3H, 14C","Fraction, 2nd Mean Age",0,init. val.,1.9962370163252715e-27,na,,,,,"33-31,105-100",0.8,1.7181081706805665e-10,0.012539184952978058,Northern Hemisphere,1,na,na,Northern Hemisphere Zone 2,0.65,na,na
edtrpas1,TX,EDTRPAS1-58,2017-06-05 00:00:00,DM,14C,Mean Age,0,38176.09503515214,3.584080826588404e-19,na,,,,,"31-29,100-95",0.8,7.868256150990735e-06,0.06896551724137931,Northern Hemisphere,1,na,na,Northern Hemisphere Zone 2,0.8,na,na
edtrpas1,TX,EDTRPAS1-59,2017-06-06 00:00:00,BMM-DM-DM,"3H, 3He(trit), SF6, 14C","Mean Age, Fraction",25,9.882021250053821,2.8586966201020245,0.23946492829134913,,,,,"31-29,105-100",0.8,1.0221466173622938e-09,0.7460815047021944,Northern Hemisphere,1,na,na,Northern Hemisphere Zone 2,0.65,na,na
edtrpas1,TX,EDTRPAS1-60,2017-06-07 00:00:00,DM,"3H, 3He(trit), SF6, 14C","Mean Age, Model Parm 1",14,6.852152683595108,0.10938691941689022,0.9467753282603956,,,,,"31-29,100-95",0.8,1.4201358677625761e-09,1.0156739811912228,Northern Hemisphere,1,na,na,Northern Hemisphere Zone 2,0.8,na,na
edtrpas1,TX,EDTRPAS1-61,2017-06-08 00:00:00,DM,"3H, SF6, 14C","Mean Age, Model Parm 1",10,7.058046148957716,0.5061719615882256,0.47680069672405667,,,,,"31-29,100-95",0.8,1.4625489748205138e-09,1.1253918495297806,Northern Hemisphere,1,na,na,Northern Hemisphere Zone 2,0.8,na,na
edtrpas1,TX,EDTRPAS1-62,2017-06-12 00:00:00,BMM-DM-DM,"3H, 14C","Fraction, 2nd Mean Age",0,init. val.,1.0110884723546965e-27,na,,,,,"31-29,105-100",0.8,1.7181081706805665e-10,0.13166144200626959,Northern Hemisphere,1,na,na,Northern Hemisphere Zone 2,0.65,na,na
edtrpas1,TX,EDTRPAS1-63,2017-06-13 00:00:00,BMM-DM-DM,"3H, 14C","Fraction, 2nd Mean Age",0,init. val.,6.847641679791079e-28,na,,,,,"31-29,105-100",0.8,1.7181081706805665e-10,0.15047021943573669,Northern Hemisphere,1,na,na,Northern Hemisphere Zone 2,0.65,na,na
edtrpas1,TX,EDTRPAS1-64,2017-06-14 00:00:00,BMM-DM-DM,"3H, 14C","Fraction, 2nd Mean Age",0,init. val.,0.051056646805065026,na,,,,,"31-29,105-100",0.8,1.7181081706805665e-10,0.39184952978056425,Northern Hemisphere,1,na,na,Northern Hemisphere Zone 2,0.65,na,na
edtrpas1,TX,EDTRPAS1-65,2017-06-15 00:00:00,BMM-DM-DM,"3H, SF6, 14C","Mean Age, Fraction",16,0.6842022845701947,6.3585699565983935,0.011681565753345335,,,,,"31-29,105-100",0.8,1.2460833628004007e-11,0.4608150470219436,Northern Hemisphere,1,na,na,Northern Hemisphere Zone 2,0.65,na,na
edtrpas1,TX,EDTRPAS1-66,2017-06-26 00:00:00,BMM-DM-DM,"3H, SF6, 14C","Mean Age, Fraction",14,0.4061822160255367,0.3731692377257422,0.5412818098213737,,,,,"31-29,105-100",0.8,7.688612906955029e-12,0.774294670846395,Northern Hemisphere,1,na,na,Northern Hemisphere Zone 2,0.65,na,na
edtrpas1,TX,EDTRPAS1-67,2017-06-27 00:00:00,BMM-DM-DM,"3H, SF6, 14C","Mean Age, Fraction",14,2.624237722918688,0.9017693957055944,0.342307713811701,,,,,"31-29,105-100",0.8,4.5764996877216904e-11,0.5862068965517242,Northern Hemisphere,1,na,na,Northern Hemisphere Zone 2,0.65,na,na
edtrpas1,TX,EDTRPAS1-68,2017-06-28 00:00:00,BMM-DM-DM,"3H, SF6, 14C","Mean Age, Fraction",14,0.6370528062714055,3.0606186100500303,0.08021112664476193,,,,,"31-29,105-100",0.8,1.165142918194e-11,0.43573667711598746,Northern Hemisphere,1,na,na,Northern Hemisphere Zone 2,0.65,na,na
edtrpas1,TX,EDTRPAS1-69,2017-06-29 00:00:00,BMM-DM-DM,"3H, 14C","Fraction, 2nd Mean Age",0,init. val.,1.0348662117652101e-28,na,,,,,"31-29,105-100",0.8,1.7181081706805665e-10,0.6050156739811912,Northern Hemisphere,1,na,na,Northern Hemisphere Zone 2,0.65,na,na
edtrpas1,TX,EDTRPAS1-70,2017-07-10 00:00:00,BMM-DM-DM,"3H, 14C","Fraction, 2nd Mean Age",0,init. val.,1.7395526189006754e-27,na,,,,,"33-31,105-100",0.8,1.7181081706805665e-10,0.06269592476489029,Northern Hemisphere,1,na,na,Northern Hemisphere Zone 2,0.65,na,na
edtrpas1,TX,EDTRPAS1-71,2017-07-11 00:00:00,BMM-DM-DM,"3H, 14C","Fraction, 2nd Mean Age",0,init. val.,7.64637924500853e-28,na,,,,,"31-29,105-100",0.8,1.7181081706805665e-10,0.1943573667711599,Northern Hemisphere,1,na,na,Northern Hemisphere Zone 2,0.65,na,na
edtrpas1,TX,EDTRPAS1-72,2017-07-12 00:00:00,DM,14C,Mean Age,0,42259.04791568115,9.382871960725818e-20,na,,,,,"33-31,105-100",0.8,1.451628361462759e-07,0.08463949843260189,Northern Hemisphere,1,na,na,Northern Hemisphere Zone 2,0.65,na,na
edtrpas1,TX,EDTRPAS1-73,2017-07-13 00:00:00,DM,"3H, SF6, 14C","Mean Age, Model Parm 1",10,24.082409802878157,0.5391855473881269,0.4627704581198936,,,,,"33-31,105-100",0.8,8.282654634020068e-11,1.3793103448275863,Northern Hemisphere,1,na,na,Northern Hemisphere Zone 2,0.65,na,na
edtrpas1,TX,EDTRPAS1-74,2017-08-08 00:00:00,BMM-DM-DM,"3H, 14C","Fraction, 2nd Mean Age",0,init. val.,4.388755228923756e-28,na,,,,,"31-29,105-100",0.8,1.7181081706805665e-10,0.07210031347962383,Northern Hemisphere,1,na,na,Northern Hemisphere Zone 2,0.65,na,na
